category,title,context,group,url,contact
資訊服務處相關服務,資訊服務處相關服務,中研院資訊服務處主要任務是支援各單位的研究和行政業務電腦化，作為中研院唯一的資訊服務單位，自成立以來一直致力於順應資訊科技發展趨勢、滿足院內需求、推動各項提升研究環境和行政效率的方案。資訊服務處提供之服務項目分為全院共用和行政專用兩大類，全院共用服務提供資訊相關服務給全體同仁；行政專用服務則針對行政和資訊人員，具體服務內容請參考資訊服務處網頁https://its.sinica.edu.tw查詢。,資訊,https://its.sinica.edu.tw/posts/117049,資訊服務處服務台 02-2789-8855
全院共用服務,全院共用服務,中研院資訊服務處提供之全院共用服務，共有綜合業務、網路資訊和圖書資訊三大類。具體各項服務內容與使用方式，可參考本處網頁https://its.sinica.edu.tw/pages/1670。,資訊,https://its.sinica.edu.tw/pages/1670,資訊服務處服務台 02-2789-8855
全院共用服務-綜合業務,員工帳號(SSO)申請與密碼設定,"中研院員工帳號與密碼可用於存取中研院多項服務，包括Webmail、MySpace、AS_Secure員工無線網路、VPN、公文系統、因公出國系統、所處預算管理系統、研究成果系統、網路投票系統、全院人事系統、全院會計系統等。

同仁實際到職且完成報到程序後，可至「中研院入口網」系統(https://sso.sinica.edu.tw/) 點選右上角齒輪之帳號安全設定申請員工帳號。申請帳號時，請注意SSO帳號名稱即為Webmail帳號，請勿使用不雅字詞或個人隱私資料，並同時完成個人備用信箱綁定作業。基於資訊安全考量，同仁申請帳號後，須自行進行密碼設定。

中研院員工帳號之密碼有效期為180天，密碼逾期前系統將寄送e-mail提醒信件；請於密碼到期前，「中研院入口網」系統(https://sso.sinica.edu.tw/) ，點選右上角齒輪，選擇帳號安全設定，進行密碼修改作業，以避免密碼逾期，無法存取本院服務。新設置的密碼不得與過去使用過的密碼相同，每天最多可修改三次密碼。如果在院外收到密碼即將到期通知，請至中央研究院入口網 ( https://sso.sinica.edu.tw ) ，點選「密碼重設」直接進行密碼變更(不需連線VPN)。

同仁忘記員工帳號密碼或密碼失效時，請至「中研院入口網」系統(https://sso.sinica.edu.tw/ 點選右上角齒輪之帳號安全設定，進行SSO員工帳號密碼重設。重新設定員工SSO帳號之密碼時，須透過綁定之備用信箱進行身份驗證後，方可重新設定密碼。如需設定或更改個人備用信箱則須填寫「個人備用電子信箱設定申請表」，逕送資訊服務處辦理設定。如於院外網路，請至中央研究院入口網 ( https://sso.sinica.edu.tw ) ，點選「密碼重設」直接進行密碼變更(不需連線VPN)。

自113年10月起，本院SSO帳號將逐步啟用FIDO（Fast IDentity Online）無密碼身分驗證技術，未來同仁使用SSO帳號時可藉由FIDO高安全性的保護機制，讓您的帳號不會輕易遭惡意人士盜用；而且更可以不必登打密碼，減少記憶和管理密碼的困擾，讓同仁們更安全、便捷地使用資訊服務。

使用者設定FIDO方式
1.首次設定：需洽詢各單位管理者協助設定，或洽資訊服務處服務台（02-27898855）。
2.已設定變更／新增載具：每位同仁可設定2個行動裝置、1個FIDO KEY（均需自行購置），請至員工入口網點選右上角「齒輪」，點選帳號安全設定，由載具管理進行設定。",資訊,https://its.sinica.edu.tw/pages/3256,資訊服務處服務台 02-2789-8855
全院共用服務-綜合業務,單一服務窗口,"資訊服務處提供專人諮詢服務，中研院資訊相關服務問題都能諮詢，協助同仁在最短的時間內解決各項問題。聯繫服務窗口聯絡方式有下列幾種：
1)電話(02-2789-8855)
2)信箱(its@gate.sinica.edu.tw)
3)電子服務單(https://8855.sinica.edu.tw)
4)線上虛擬服務台(https://its.sinica.edu.tw/online，登入密碼 27898855)

服務台服務時間為上午8:30至12:20，下午1:20至5:00。請多利用線上虛擬服務台提出諮詢，可以分享畫面、寫文字訊息、開啟麥克風與視訊通話，方便服務人員即時了解您的操作方式，更能達到溝通效益！

非上班時間，請您來信或來電留下您的電話號碼，我們會在上班時間與您聯繫，如遇緊急事件，可透過各所資訊人員透過群組與我們聯繫。",資訊,https://its.sinica.edu.tw/pages/1672,資訊服務處服務台 02-2789-8855
全院共用服務-綜合業務,資訊課程推廣說明,"中研院資訊推廣課程適用對象為中研院內在職同仁且具備SSO帳號者皆可參加。資訊推廣課程包含各種資訊類型、資安類型課程，相關資訊請參考網站https://its.sinica.edu.tw/pages/1645。

推廣課程報名方式採線上報名，請登入「中研院入口網」系統(https://sso.sinica.edu.tw/)，進入人事訓練系統報名。若需要公務人員學習時數，依實際上課時數，報由人事室進行登入。到課時請務必簽到，以備查核（恕無課後補簽）。

資訊推廣課程報名結果將以E-mail通知，並於上課前一日提醒，若未收到上課通知者，請來信its@gate.sinica.edu.tw詢問，或改撥服務專線（02）2789-8855洽詢。報名順序進行錄取，上課學員如不克前來，請預先告知（開課前1天以上），以利後補作業之進行。",資訊,https://its.sinica.edu.tw/pages/1673,資訊服務處服務台 02-2789-8855
全院共用服務-綜合業務,數位學習專區說明,"中研院數位學習專區內課程包含知識饗宴直播、學術倫理、研究倫理、環境教育、廉政倫理、資通安全、實驗室安全、生物安全、軟體操作、程式設計、數據分析、微學習等數位課程，歡迎同仁前往選讀。

中研院在職同仁且具備SSO帳號者皆可從「中研院入口網」系統(https://sso.sinica.edu.tw/)進入數位學習專區使用，首次登入使用時須綁定我的e政府帳號，詳細設定說明請參考網站https://its.sinica.edu.tw/pages/1674，並可透過「中研院入口網」系統(https://sso.sinica.edu.tw/)之個人學習時數查詢系統即時查詢學習時數。

",資訊,https://its.sinica.edu.tw/pages/1674,資訊服務處服務台 02-2789-8855
全院共用服務-綜合業務,學習時數,中研院同仁依照各類身分別有各種「學習時數」需要達標，包含環境教育時數、資安時數、學術倫理時數、研究倫理時數、生物安全課程時數及性別平等時數等等，詳細資訊可參考各單位規範辦理，或參考資訊處整理之中央研究院各類職務年度課程相關時數規定一覽表https://its.sinica.edu.tw/archives/ce0c294ff9964790 ，此表僅供參考，各項時數規範請依業務單位公告為主。,資訊,https://its.sinica.edu.tw/pages/1674,資訊服務處服務台 02-2789-8855
全院共用服務-綜合業務,軟體聯合採購,有關聯合採購服務，中研院跨組三個以上單位且金額達100萬元之軟體需求，可請資訊服務處代為辦理聯合採購，並依使用者付費之原則，由使用單位分攤；全院性授權軟體採購代辦，則無前述金額之限制。詳細授權軟體列表請參考網頁https://its.sinica.edu.tw/pages/1676。,資訊,https://its.sinica.edu.tw/pages/1676,資訊服務處服務台 02-2789-8855
全院共用服務-綜合業務,全院授權軟體啟動,"資訊服務處架設之微軟授權產品全院KMS啟動認證伺服器，目前提供全院Windows 11/10，以及Office 2013/2016/2019/2021等各項產品之啟動認證服務。同仁完成上述大量授權產品之安裝後，請在30天之寬限期內，完成產品之KMS啟動認證。

若將電腦帶離院內環境（即140.109之IP網段），若超過180天之有效期限，則必須將電腦帶回院內啟動，KMS伺服器接受三種不同之啟動方式完成認證（請參考網站https://its.sinica.edu.tw/pages/1677），請同仁擇一使用即可。",資訊,https://its.sinica.edu.tw/pages/1677,資訊服務處服務台 02-2789-8855
全院共用服務-綜合業務,個人網頁服務,"
為提供更友善的靜態網頁編輯體驗，並配合本院服務整併規劃，本處提供之個人網頁空間服務（https://idv.sinica.edu.tw/您的USERID）將於 115 年 9 月正式下線，新進同仁帳號自即日起停止開立。

敬請同仁儘早完成資料備份與轉移，或改用本院提供的 Google Sites（Google 協作平台）作為對外分享靜態網頁的替代方式。
Google Sites 提供圖文排版、拖曳式編輯與簡易網址設定等功能，可快速建立靜態網站並設定檢視權限。

一、idv 網頁資料備份方式（以 WinSCP 為例）
    請於院內網路或 VPN 環境下操作：
    下載並安裝 WinSCP：
    https://winscp.net
    開啟 WinSCP 並建立新連線，設定如下：

       協定：SFTP  主機名稱：idv.sinica.edu.tw  使用者名稱：您的 gate 帳號（如 abc123） 密碼：您的電子郵件密碼

    成功連線後，將目錄中的所有內容下載至您本機電腦，其中public_html目錄即為您個人網頁資料。
 

二、建立 Google Sites 網站步驟

    前往 Google Sites： https://sites.google.com

    點選「空白」建立新網站

    輸入網站名稱與標題（例如：個人首頁）

    手動新增頁面內容，例如：

        複製舊網站文字內容貼入文字區塊

        插入圖片、PDF 或其他檔案（使用「插入」→「文件」功能）

        若網站中含有 HTML 元素，可使用「內嵌程式碼」功能插入簡單 HTML

        點選「發布」，設定網站網址，例如：
        https://sites.google.com/as.edu.tw/您的帳號              (本院在職同仁)
    https://sites.google.com/alum.sinica.edu.tw/您的帳號     (本院正編退休同仁)
    並選擇網站開放範圍

三、轉址服務

    本處提供為期 6 個月的轉址服務。
    請於完成 Google Sites 網頁並取得網址後，透過本處電子服務台或寄信至its@sinica.edu.tw提出轉址申請，我們將協助您將原網址（https://idv.sinica.edu.tw/您的USERID）導向新站點。
    請提供1.原idv服務網址 2.轉址目的網址 供本處完成轉址設定。

四、注意事項

    請務必於服務下線前完成資料備份與遷移作業。

    原服務關閉後，https://idv.sinica.edu.tw/username 將不再可使用，屆時僅提供 6 個月的轉址過渡期。


五、進階網頁服務需求

    若您是進階使用者且網頁內容為本院相關業務，有自行上傳並維護較複雜語法的 HTML/CSS 靜態網頁的需求。
    建議可以參考本處提供的「網頁空間服務」，由本院在職助研究員以上/一級單位主管/院本部單位主管/單位資訊業務主管提出申請，申請詳情請參閱：
    https://its.sinica.edu.tw/pages/2366",資訊,https://its.sinica.edu.tw/pages/1678,資訊服務處服務台 02-2789-8855
全院共用服務-綜合業務,網頁空間服務,中研院網頁空間服務提供靜態網頁空間，同時服務網址預設為*.project.sinica.edu.tw。如有靜態網頁服務需求，可至本處網頁的「下載專區」下載「網頁空間服務申請單」，提出網頁空間服務帳號申請，並自行進行網頁上傳。如有動態網站需求，建議可使用中研院自有雲服務，詳細使用方式與說明請參考https://its.sinica.edu.tw/pages/2366。,資訊,https://its.sinica.edu.tw/pages/2366,資訊服務處服務台 02-2789-8855
全院共用服務-網路資訊,Google Workspace服務,"為強化本院資訊系統韌性，本院導入Google Workspace雲端服務，功能包含了Gmail、雲端硬碟、文件、試算表、簡報等。
(1)本服務的帳號登入帳號為：[SSO帳號@as.edu.tw]
(2)快速登入網址服務如下：
Mail：https://mail.sinica.edu.tw
Drive：https://drive.sinica.edu.tw
Calendar：https://calendar.sinica.edu.tw
(3)需綁定FIDO驗證才能登入。
(4)離職或退休後，均無法使用本服務。
詳細說明：https://its.sinica.edu.tw/pages/4532",資訊,https://its.sinica.edu.tw/pages/4532,資訊服務處服務台 02-2789-8855
全院共用服務-網路資訊,Google Workspace服務,"Google Workspace (GWS)全院導入公告
為提供更優質的操作介面與使用體驗,院內將自 114 年 3 月 20 日起,逐步導入 Google Workspace (GWS)。此次變更將影響電子郵件與雲端儲存,請特別留意以下事項:
1. Google Gmail 及 Google Drive 取代現有系統本次導入 GWS 後,將進行以下變更:
● Google Gmail 取代 個人 Gate 電子郵件系統。
● Google Drive 取代 Myspace 個人雲端儲存服務。
● 同時提供 Google Meet、Google Docs、Google Sheets 等協作工具,以提升工作效率。
2. 新增外部雲端服務專用帳號
為了區別院內行政服務與外部雲端應用,本次導入 以 SSO 帳號搭配 @as.edu.tw 網域的專用帳號,此做法符合國際學研機構的使用方式。
3. 電子郵件地址變更與存取方式
● E-mail 位址不變:您的 SSO 帳號仍對應 SSO@gate.sinica.edu.tw,不影響收信功能。
● 提供簡短版的 E-mail 位址:
● 除原有信箱外,新增 SSO@sinica.edu.tw 及 SSO@as.edu.tw 作為別名。
● 寄至上述任何一個地址的郵件,皆可在您的信箱存取。
4. 登入方式(提供兩種登入管道)
1. 透過「中研院入口網」或 https://mail.sinica.edu.tw 登入
○ 使用您的 SSO 帳號,並透過 FIDO 驗證 登入。
2. 透過 Google 雲端服務 https://www.google.com 登入
○ 登入帳號為 SSO@as.edu.tw,並依照網頁指示完成登入驗證。
○ 未來所有外部雲端服務均使用此帳號登入。
5. Google Gmail 與 Google Drive 儲存空間
● 每位使用者將享有 50GB 合併儲存空間(包含 Gmail + Google Drive)。
6. Myspace 服務即將終止
● Myspace 服務將於全院完成 GWS 導入後停止。
● 請自行下載並保存 Myspace 檔案,以確保資料不遺失。
● 未來,如需儲存與分享檔案,請使用 Google Drive。
7. 帳號切換與郵件移轉
● 帳號切換時間:各單位於導入當日前一晚 18:00 起進行切換作業。
● 切換後影響:
○ 所有新郵件將改寄至 Google Gmail,Gate 系統將不再提供收信服務。
○ 原存放於 Gate 電子郵件系統的舊信件,需由本人移轉至 Google Gmail。

8. 其他提醒事項
● 詳細操作手冊:
○ 我們已準備完整指南,包含 帳號登入、信件設定與轉移、Outlook 設定、Google Drive 使用 等,請參閱 操作手冊 以順利完成轉換。詳細說明：https://its.sinica.edu.tw/pages/4532

● 業務帳號不受影響:
○ 本次導入不包含業務帳號,業務帳號仍繼續使用 Gate 電子郵件系統。",資訊,https://its.sinica.edu.tw/pages/4532,資訊服務處服務台 02-2789-8855
全院共用服務-網路資訊,個人雲端儲存服務,"為提供更友善、現代化的雲端硬碟與線上共同編輯服務，本處將推廣本院 「Google 雲端硬碟(以下簡稱Google Drive）」服務，全面取代原「個人雲端儲存服務(Myspace)」。
Google Drive 提供雲端儲存、檔案同步與線上協作等功能，可快速上傳與分享各類文件，並能設定檢視或編輯權限，方便跨裝置存取與團隊合作。
原個人雲端儲存(Myspace)將於 115 年 1 月 31 日完成下線，屆時將不再提供存取。
請同仁儘早將既有資料備份並轉移至Google Drive ，以防止資料遺失。
感謝您的配合與支持。


個人雲端儲存服務(Myspace)轉移說明：

一、Myspace資料備份方式

    1.如已安裝ArkEase Pro Cloud Sync同步工具

      請開啟工具後，確認已勾選同步所有目錄。完成同步後，移除ArkEase Pro Cloud Sync即可。
      檔案會保留於原設定位置，不會被刪除。

    2.如未安裝ArkEase Pro Cloud Sync同步工具
      
      建議登入https://myspace.sinica.edu.tw後，自Web界面下載檔案保存。

二、如有使用Myspace資料分享功能

    1.新的分享需求，請改以Google Drive分享

    2.舊的分享設定，如服務下線後仍有需求，請於服務下線前，逐步改用Google Drive分享。

    Google Drive分享設定方式，請參考Google官方說明文件 
    https://support.google.com/drive/answer/2494822",資訊,https://its.sinica.edu.tw/pages/1683,資訊服務處服務台 02-2789-8855
全院共用服務-網路資訊,網域名稱服務(DNS),網域名稱服務(DNS)提供中研院所管轄之網域名稱及IP位址、字串等資料的對應；另因中研院部分研究所、中心有自行管理DNS網域名稱，故請先向各個研究所、中心的資訊室查詢確認後，再提出申請。詳細申請方式及說明請參考https://its.sinica.edu.tw/pages/1689。,資訊,https://its.sinica.edu.tw/pages/1689,資訊服務處服務台 02-2789-8855
全院共用服務-網路資訊,自有雲服務,"自有雲服務目的為整合資訊服務處資訊設施，減少各單位自行建置與維護資訊設備的成本，提升整體資訊資源運用效率，並促進節能減碳；使用單位可快速建立、調整或消除虛擬機（virtual machine, VM），運用於研究或行政業務。申請方式由各所、研究中心資訊室代表提出申請。

申請單位需指派一位負責人，具主機管理能力。若負責人更換，應知會資訊服務處。服務內容及相關規範請詳見說明網站https://its.sinica.edu.tw/pages/1690。",資訊,https://its.sinica.edu.tw/pages/1690,資訊服務處服務台 02-2789-8855
全院共用服務-網路資訊,eduroam 驗證服務,"Eduroam無線網路係為建立國際教育及科研機構間無線區域網路漫遊體系的計畫，以推動全球教育及科研單位之間的無線區域網路服務共享。中研院同仁申請eduroam帳號後，即可在有參與無線網路漫遊之院外學術研究單位連線上網，帳號為員工SSO帳號@eduroam.sinica.edu.tw。申請方式請至「中研院入口網」系統(https://sso.sinica.edu.tw/) 點選右下角all 點選個人服務類別之Eduroam帳號後設定密碼即可。

參與無線網路漫遊單位，國內參與單位請詳「TANet無線網路漫遊交換中心https://roamingcenter.tanet.edu.tw/」；國外參與單位請詳https://www.eduroam.org。使用本服務於中研院外連網時，對應之無線網路訊號，請洽當地資訊單位，並遵守當地無線網路之使用規範。本項服務係與中研院外單位合作，如無法連線，其原因可能與院外當地設施、當地網路傳輸狀況及驗證單位有關。",資訊,https://its.sinica.edu.tw/pages/1691,資訊服務處服務台 02-2789-8855
全院共用服務-網路資訊,院區無線網路,"中研院資訊服務處提供之無線網路有三類(SSID)，供同仁與訪客使用，分別是AS_Secure員工無線網路、eduroam教育無線網路漫遊及AS_Guest訪客無線網路。資訊服務處負責建置公共空間、院本部、人文館等區域的無線網路，而各單位建置的無線網路也可以加入中研院院區無線網路。

中研院的無線網路覆蓋範圍包括室內公共空間(如人文館國際會議廳、活動中心、各單位公共會議室)、中研院院本部、人文館、加入中研院院區無線網路的單位(如資訊所、基因體中心等)及室外公共空間。欲了解如何設定無線網路及訊號涵蓋範圍，請參考https://its.sinica.edu.tw/pages/1684。",資訊,https://its.sinica.edu.tw/pages/1684,資訊服務處服務台 02-2789-8855
全院共用服務-網路資訊,會議網路,如需租用中研院人文館、活動中心或蔡元培館會議室的會議網路服務，請填寫會議網路服務申請表，並在會議前三個月至一週前提交申請表至資訊服務處。會議網路使用場地之單位若為中研院院本部主辦之會議免收費；中研院所處中心需要付費使用，比照院內公用儀器設施使用，費用將減收50%。另，若使用常設無線網路服務AS_Secure、AS_Guest及eduroam則免申請及收費，詳細說明請參考https://its.sinica.edu.tw/pages/1684。,資訊,https://its.sinica.edu.tw/pages/1684,資訊服務處服務台 02-2789-8855
全院共用服務-網路資訊,宿舍網路,"資訊服務處於宿舍內提供有線網路服務，每戶提供1個IP位置及戶內既有之網點，無須額外付費。
若宿舍內需使用多個設備同時上網，請自備IP分享器及網路線。
各項宿舍網路異動請於一週前提出申請，申請表請至資訊服務處網頁點選下載專區之宿舍網路申請表下載填寫。",資訊,https://its.sinica.edu.tw/pages/4412,資訊服務處服務台 02-2789-8855
全院共用服務-網路資訊,虛擬網路VPN連線服務,"中研院資訊服務處提供虛擬私有網路(VPN)遠端連線服務，以供同仁在院外透過VPN取得中研院IP位址，可持續進行學術研究工作或使用行政相關服務。首次使用需先完成VPN服務使用權限開通，並打開Google Authenticator掃描信中QR code即可完成驗證，取得動態密碼。使用者登入VPN時，需輸入gate電子郵件帳號、密碼，以及6位數動態密碼，方可登入。

若VPN服務在90天內沒有使用紀錄，系統將自動關閉，有需要使用可再次申請開通。連線使用說明請參考https://its.sinica.edu.tw/pages/1685。",資訊,https://its.sinica.edu.tw/pages/1685,資訊服務處服務台 02-2789-8855
全院共用服務-網路資訊,計算服務,"資訊服務處提供多樣計算資源供中研院研究人員使用，包含高速運算(HPC)、容器運算服務(CCS)及虛擬運算服務(VCS)等計算服務。
助研究員及研究助技師以上人員，使用SSO帳號登入計算服務入口網站，進行雙重驗證設定後，權限為專案管理員，即可使用計算服務；非助研究員及研究助技師以上人員，須先登入系統完成雙重驗證後，由專案管理員將該人員加入專案後才可使用計算服務。詳細計算服務內容與介紹請參閱https://its.sinica.edu.tw/posts/119854。",資訊,https://its.sinica.edu.tw/posts/119854,資訊服務處服務台 02-2789-8855
全院共用服務-網路資訊,主機備份服務,"資訊服務處提供主機備份服務，可對中研院重要的公共及研究計畫主機進行電腦檔案備份。助研究員以上、一級單位主管、院本部單位主管或單位資訊業務主管皆可申請。欲申請該服務，請至資訊服務處網頁點選下載專區之服務申請表單並下載主機備份服務申請表，填寫完畢後送至資訊服務處申請。

使用者可安裝備份軟體進行資料備份、主機檔案損壞還原、檔案回溯或回復誤刪檔案，並可保存備份檔案最近7日內的2個版本。主機備份服務需付費使用，每年的使用量為前一年度的5月1日至當年度4月30日之平均使用量。備份資料每年平均使用量5TB以上之所(中心)，將依使用量高低做分級進行費用分攤。詳細計價方式與服務內容，請參考https://its.sinica.edu.tw/pages/1687。
 ",資訊,https://its.sinica.edu.tw/pages/1687,資訊服務處服務台 02-2789-8855
全院共用服務-網路資訊,GWS電子郵件及硬碟服務,"為提供本院同仁一個更便利的電子郵件暨雲端硬碟服務，自114年3月20日起，逐步將本院SSO Gate帳號導入GWS電子郵件暨雲端硬碟服務。
帳號申請
本服務依 中央研究院電子郵件服務規範 (https://www.sinica.edu.tw/CP/382) 提供服務。
個人帳號 –本院同仁於完成人事報到程序且到職日生效後，自動取得與本院SSO帳號名稱一致之GWS電子郵件暨雲端硬碟服務帳號。申請帳號後2小時洽詢各單位資訊室管理者完成綁定FIDO驗證，方能登入使用。
離職後無法使用本服務，正編退休人員請改用@alum服務。
業務帳號 -將於第二階段導入後開放申請。有需求請先申請原Gate電子郵件業務帳號服務。

登入、驗證及使用
快速登入網址如下：
        Mail：https://mail.sinica.edu.tw
        Drive：https://drive.sinica.edu.tw
操作及設定請參閱員工使用指引 – https://its.sinica.edu.tw/pages/4532
個人帳號 – 登入驗證方式與本院入口網（https://sso.sinica.edu.tw）相同。
業務帳號 - 將於第二階段導入後開放申請。如有需求請先申請原Gate電子郵件業務帳號服務。",資訊,https://its.sinica.edu.tw/posts/117170,資訊服務處服務台 02-2789-8855
全院共用服務-網路資訊,業務用電子郵件服務,"中研院資訊服務處提供業務用Gate電子郵件帳號，供中研院同仁申請，用於處理公務或作為代表信箱。本服務預計於115年導入GWS服務。

申請業務用郵件帳號可透過全院電子表單整合平台進行線上申請，或填寫紙本申請單後送交至行政大樓4樓資訊服務處。詳細資訊請參閱https://its.sinica.edu.tw/posts/117175。",資訊,https://its.sinica.edu.tw/posts/117175,資訊服務處服務台 02-2789-8855
全院共用服務-網路資訊,個人電子郵件服務,"GWS服務可使用Thunderbird、Windows Live Mail 2011、Microsoft Outlook、Android、MAC OSX、 iOS (iphone/ipad)等軟體來收發信件。
設定值快速一覽表：
    SMTP（外寄伺服器）： 伺服器為 smtp.gmail.com，使用 Port 465
    IMAP（內送伺服器，支援 SSL）： 伺服器為 imap.gmail.com，使用 Port 993
相關設定請參考：https://its.sinica.edu.tw/pages/4694",資訊,https://its.sinica.edu.tw/posts/117185,資訊服務處服務台 02-2789-8855
全院共用服務-網路資訊,業務用電子郵件服務,"中研院業務電子郵件服務可使用Thunderbird、Windows Live Mail 2011、Microsoft Outlook、Android、MAC OSX、 iOS (iphone/ipad)等軟體來收發信件。

基本設定如下：帳號為您的業務帳號，密碼為您的業務密碼，SMTP(外寄伺服器)smtp.sinica.edu.tw，port:25；SMTP with TLS (外寄加密)：smtp.sinica.edu.tw，port:25；SMTPS (外寄加密)：smtp.sinica.edu.tw，port:25；POP(s) (pop內送伺服器)：gate.sinica.edu.tw，POP port:110，POPS port:995；IMAP(s) (imap內送伺服器):gate.sinica.edu.tw，IMAP port:143，IMAPS port:993。服務使用限制IMAP/POP3收信服務及SMTP寄信服務限中研院網路環境使用，若在院外有需要透過第三方收信軟體收發信件請連線VPN服務後使用，其他詳細設定請參考網站https://its.sinica.edu.tw/posts/117220。",資訊,https://its.sinica.edu.tw/posts/117185,資訊服務處服務台 02-2789-8855
全院共用服務-網路資訊,電子郵件服務,"電子郵件提供垃圾信阻絕服務，用於阻擋垃圾與病毒郵件，阻絕設備有五項準則用於決定郵件是否放行，包括封鎖不明收件者、封鎖黑名單表列者、封鎖病毒信件、隔離已確認的垃圾信、放行被加標記的疑似垃圾信以及放行正常信件，已確認為垃圾信的郵件會被置放在阻絕設備的隔離區，使用者會收到當日的隔離通知信，內容記載每封垃圾信的日期、來源地址和主旨。使用者可以檢視隔離通知信的內容，以救回被誤判的正常信件、刪除垃圾信或設定黑白名單。

連線至信件隔離區首先要請您確認目前是位於中研院內網路環境，而有兩種方式您可以連線至信件隔離區，方法一打開垃圾隔離區摘要信件，點選看您所有的隔離信件或管理您的參數設定，會直接連結至隔離區；方法二若已經刪除所有垃圾隔離區摘要信件，請直接連線到網址https://fmail0.its.sinica.edu.tw。詳細說明請參考網站：https://its.sinica.edu.tw/posts/117204

隔離區中分為隔離區信件與參數選擇兩個項目，在隔離區信件中您可以使用寄送、白名單、刪除三種處理方式可以處理信件，寄送僅將該封信件寄送到個人信箱中，白名單會將該信件寄送到個人信箱中，並將這封信件的寄件者加入白名單中，刪除功能會將信件刪除，若不刪除隔離區信件系統會保留約30天，並自動刪除過多的垃圾信件。關於隔離區信件詳細說明請參考網站：https://its.sinica.edu.tw/posts/117205，參數選擇中有黑名單/白名單、隔離區設定、及啟用/停用垃圾郵件過濾功能，關於參數設定可以參考https://its.sinica.edu.tw/posts/117206，您可以按下右上角sign out可登出隔離區。",資訊,https://its.sinica.edu.tw/posts/117203,資訊服務處服務台 02-2789-8855
全院共用服務-網路資訊,業務用電子郵件服務,"自113年4月23日起，Gate業務用電子郵件信箱之 Webmail 操作介面將全面「強制」啟用雙驗證功能，結合手機的OTP（One Time Password）機制，加強您電子郵件信箱的安全。

強制啟用OTP操作說明：登入程序完成帳密驗證後，畫面會顯示2維條碼，請於行動裝置下載安裝Google Authenticator APP後，掃描2維條碼，取得6位數動態認證碼。完成登入後，系統提供2種雙驗證使用方式，第一種方法是使用@Mail2000APP設定雙重驗證，第二種方法是維持Google Authenticator雙驗證，您可以依需求切換驗證方式。請注意，如發生無法收取驗證碼狀況，導致無法登入修改設定時，須本人或資訊室人員填寫服務洽詢單( https://8855.sinica.edu.tw )，由系統管理員協助設定與重新啟用，設定時間約0.5個「工作天」。請參考https://its.sinica.edu.tw/posts/117218 網站以了解更詳細的設定方式。",資訊,https://its.sinica.edu.tw/posts/117218,資訊服務處服務台 02-2789-8855
全院共用服務-網路資訊,業務用電子郵件服務,"使用中研院的Gate業務用電子郵件服務時，會收到電子郵件登入成功或登入失敗的訊息通知。如收到登入成功通知，請確認該時間點是否為本人登入行為；若您收到登入失敗通知，通常是一般駭客嘗試想要登入信箱所產生的，表示該嘗試登入並未成功，只要確認好您的帳號密碼強度夠強即可，並經常透過webmail ，點選個人設定，由信箱安全功能查閱登入紀錄來確認是否有意異常登入狀況。 

資訊處所提供的電子郵件服務，具備自動防禦暴力破解法功能，如單一登入位址(IP)反覆嘗試登入並且登入失敗，系統會自動阻擋該登入位址一段時間，以阻止該嘗試登入行為。 其他相關說明請參考https://its.sinica.edu.tw/posts/117228",資訊,https://its.sinica.edu.tw/posts/117228,資訊服務處服務台 02-2789-8855
全院共用服務-圖書資訊,文獻傳遞服務,資訊處提供之文獻傳遞服務，可向國外圖書館借閱或複印國內圖書館未收藏之館藏。本服務為付費使用，全年額度為25萬元，由資訊服務處負責支付。如超出額度，則由申請單位自行負擔相關費用。申請詳細說明與方式，請參考https://its.sinica.edu.tw/pages/1694,資訊,https://its.sinica.edu.tw/pages/1694,資訊服務處服務台 02-2789-8855
全院共用服務-圖書資訊,圖書館服務入口網站,中研院圖書館入口網站提供許多圖書相關服務和資源，包括資源查詢、文獻傳遞、研究成果展示、相關連結、圖書館簡介、館員專區及公告區。在資源查詢方面，讀者可以檢索館藏目錄、線上資料庫、電子期刊和開放獲取資源。文獻傳遞服務方便同仁申請所需文獻資料，研究成果展示則涵蓋機構典藏和數位典藏。而相關連結提供重要聯合書目目錄及常用程式下載。圖書館簡介介紹現況、各所圖書館首頁、開放時間及聯絡資訊。館員專區包含館際協調會、資料庫、自動化系統服務及編目標準參考資料（限中研院IP）。公告區則提供公告、新增試用資料庫及最新消息。,資訊,https://its.sinica.edu.tw/pages/1695,資訊服務處服務台 02-2789-8855
行政專用服務-行政資訊服務,行政業務電腦化系統,資訊服務處推動行政業務電腦化系統，旨為依據行政業務所需，開發專用或整合型之資訊系統，以協助促進行政工作的效能與維運，中研院同仁可透過中研院首頁( https://www.sinica.edu.tw )進入「中研院入口網」系統(https://sso.sinica.edu.tw/)，使用相關行政系統。,資訊,https://its.sinica.edu.tw/posts/117248,資訊服務處服務台 02-2789-8855
行政專用服務-行政資訊服務,重大訊息電子郵遞服務,"資訊服務處提供中研院內大量電子郵件寄送服務，一般寄送服務請在寄送前3個工作天提出申請；客製化內容的寄送服務，請在寄送前5個工作天提出申請。若需寄送郵件給全院同仁，請依中央研究院重大訊息電子郵遞作業要點，簽核至一層決行。

如欲申請寄送服務，請先下載大量訊息傳遞服務申請表並填寫相關資訊，經單位主管核可後，再送交資訊服務處服務台辦理，詳細說明請參考 https://its.sinica.edu.tw/pages/1701。",資訊,https://its.sinica.edu.tw/pages/1701,資訊服務處服務台 02-2789-8855
行政專用服務-行政資訊服務,院本部個人電腦,中研院院本部同仁因業務需要，有個人電腦軟硬體或周邊設備需求時，應填寫「院本部個人電腦軟硬體及周邊設備領用申請表」，經主管簽章同意後，由資訊服務處核實配發。可申請項目包括電腦、螢幕、隨身碟等。院本部各科室有新進同仁報到，請同仁於前2週提出申請，電腦周邊設備升級、擴充需單位主管核可，職務調動需變更位置時請請至資訊服務處行政室辦理相關程序，電腦逾財產年限汰換由資訊服務處主動處理。詳細院本部個人電腦相關資訊，請參閱https://its.sinica.edu.tw/pages/1702。,資訊,https://its.sinica.edu.tw/pages/1702,資訊服務處服務台 02-2789-8855
行政專用服務-行政資訊服務,院本部資訊設備借用,中研院院本部同仁因業務需借用資訊設備時，請至借用系統填寫「借用洽詢單」，資訊服務處即循借用流程處理。借用規則包括：限院本部同仁借用、採線上預約制度、借用前1日17時前完成預約、開放預約90日內設備、單一設備最長借用期30日。為免資料外流，設備歸還前需自行刪除個人資料。詳細資訊設備借用相關資訊，請參閱https://its.sinica.edu.tw/pages/1702。,資訊,https://its.sinica.edu.tw/pages/1702,資訊服務處服務台 02-2789-8855
行政專用服務-行政資訊服務,院本部共用磁碟空間,中研院院本部提供以科為單位的共用磁碟空間存放公務檔案，每科室上限200GB。如需共用儲存空間或人員異動，應填寫「院本部共用磁碟空間申請單」，經主管簽章同意後由資訊服務處開通使用。詳細共用磁碟空間相關資訊，請參閱https://its.sinica.edu.tw/pages/1702。,資訊,https://its.sinica.edu.tw/pages/1702,資訊服務處服務台 02-2789-8855
行政專用服務-行政資訊服務,無紙化會議系統,"為落實節能減碳行動，構了無紙化會議系統，提供會議前置作業、簽到退、資料查看、會後紀錄上傳等服務。歡迎同仁多加利用，以協助簡化開會作業與程序。登入系統的方法是，通過網址：https://mymeeting.sinica.edu.tw，或者通過「中研院入口網」系統(https://sso.sinica.edu.tw/) 進入無紙化會議系統。操作手冊可在系統公告清單查看。

此系統限定院內內部網路環境使用，訪客需在內部網路環境下使用email及會議室密碼登入。會議資訊非永久保留，如需保存請儘早下載。機敏會議資料不建議使用，所（中心）僅開放所層級實體會議使用。請參閱服務網頁說明https://its.sinica.edu.tw/pages/3734。",資訊,https://its.sinica.edu.tw/pages/3734,資訊服務處服務台 02-2789-8855
行政專用服務-網路資訊,網路障礙查修服務,中研院資訊服務處與各單位資訊室合作，提供網路應用支援及障礙排除服務。,資訊,https://its.sinica.edu.tw/pages/1705,資訊服務處服務台 02-2789-8855
行政專用服務-網路資訊,區域網路規劃與建置,提供各單位大樓網路設備及佈線規劃、建議和諮詢服務，並負責各單位既有大樓第三層網路交換器的汰換。院本部及宿舍網路佈線與維護，涵蓋院本部轄下院內各學人及職務宿舍與建物網路連線服務。推動院內廣域網路及骨幹網路更新。,資訊,https://its.sinica.edu.tw/pages/1706,資訊服務處服務台 02-2789-8855
行政專用服務-網路資訊,郵件伺服器集中過濾服務,提供中研院各所(處)、中心Email server集中過濾病毒與垃圾郵件服務。,資訊,https://its.sinica.edu.tw/pages/1707,資訊服務處服務台 02-2789-8855
行政專用服務-圖書資訊,本院圖書館自動化系統,中研院內各圖書館館員可利用圖書館自動化系統處理圖書館相關業務，館員在取得所需之作業權限前，需確實詳讀系統使用手冊(http://las.sinica.edu.tw/manual/)，並熟悉本院圖書館各工作小組及各館各模組之相關作業政策。申請權限方式，需先連線至中研院圖書館服務網頁之館員交流區裡圖書館自動化系統相關服務下之系統權限申請單下載系統權限申請單，申請單填寫完畢並由單位主管及權限審核者簽名確認後，可透過Email方式將申請單傳送至資訊處辦理，系統館員將於2個工作天內完成處理。,資訊,https://its.sinica.edu.tw/pages/1720,資訊服務處服務台 02-2789-8855
行政專用服務-圖書資訊,圖書相關電子資料庫建置平台服務,"中研院的資訊處基於服務院內各所，提供伺服器設備供電子資料庫之安裝與使用，方便各項資源的有效利用。電子資料庫的採購單位應優先選擇廠商已有提供客戶線上連線使用該資料庫之方案，且該資料庫需為中研院三個或以上的單位有共同使用需求，作業系統平台以Linux、Windows相容系統為範圍，此外，該資料庫系統必須能夠提供網址(IP address)、具有或承諾未來提供群組使用分類排序之使用統計數據，做為年度使用狀況之依據。

在採購前，先與資訊處召開諮詢會議，再依據中央研究院資訊服務處電子資料庫建置平台使用申請表格式，說明資料庫的用途、資料量大小和建置環境規格，並提供相關的需求和時程等相關資訊，然後將所填寫的申請表經所方簽署後，送至資訊服務處進行處理，處理時間約需 5到7 個工作天。

費用的分攤方式，如：移機、轉置、資料庫更新、介面改版等資料庫相關維護等，其費用由訂購單位支付，資訊服務處內部作業之需求者，則由資訊服務處支付。",資訊,https://its.sinica.edu.tw/pages/1721,資訊服務處服務台 02-2789-8855
行政專用服務-資安專區,資安通報流程,中研院各單位於發生資安事件發生時，通報流程圖請參考網站 https://its.sinica.edu.tw/posts/119676，通報資訊服務處資安小組即時掌握事件狀況，由資安小組依照事件類型進行處理，透過這些通報、處理機制，可有效防止事件擴大造成影響。,資訊,https://its.sinica.edu.tw/posts/119676,資訊服務處服務台 02-2789-8855
行政專用服務-資安專區,預警通報,"為了協助各所/中心推動資安維運作業，中研院資訊服務處擬透過導入資訊安全設備日誌，建置資訊安全事件管理平台 (Security Information Event Management, SIEM)。該平台將以資訊服務處既有架構與規則為基礎，篩選大量資安事件資料，提供各所/中心即時探測資安事件的發生，並發送通報警訊。一旦事件發生，即可立即處理，供資安人員分析與後續事件處理。

通報方式採用本院Redmine資安事件管立平台。

詳細申請及通報方式請參考https://its.sinica.edu.tw/pages/1742。",資訊,https://its.sinica.edu.tw/pages/1742,資訊服務處服務台 02-2789-8855
行政專用服務-資安專區,源碼檢測,資訊服務處提供源碼檢測服務，又稱白箱測試、靜態測試，在不需要執行程式碼的情況下，針對原始碼的內容進行分析，透過對於已知弱點特性的比對，指出有安全問題的程式碼的位置，協助開發人員進行修補，例如編譯器即為原始碼檢測的應用之一。目前中研院資訊服務處所使用的原始碼檢測工具為Checkmarx，若有需要申請源碼檢測，請填寫資訊處電子服務台提出申請，目前提供院內服務免費申請使用。其他詳細說明請參考https://its.sinica.edu.tw/posts/119687。,資訊,https://its.sinica.edu.tw/posts/119687,資訊服務處服務台 02-2789-8855
行政專用服務-資安專區,主機檢測,中研院資訊服務處為預防當主機存在弱點(作業系統或資料庫管理系統存在未經修補的漏洞)，被駭客利用來竊取資料，甚至淪為駭客的攻擊工具。目前中央研究院資訊處所使用的主機弱點檢測工具為 Tenable 的 Nessus ，該軟體能系統化地檢測主機的弱點，以協助單位評估與管理各項弱點及威脅，進而強化其安全需求。若有需要申請主機檢測，請填寫資訊處電子服務台提出申請，目前提供院內服務免費申請使用。相關詳細說明請參考：https://its.sinica.edu.tw/posts/119689,資訊,https://its.sinica.edu.tw/posts/119689,資訊服務處服務台 02-2789-8855
行政專用服務-資安專區,全院型主機弱點掃描服務平台,資訊服務處提供主機弱點掃描服務平台(Tenable Security Center)供各所中心使用，該平台能以系統化方式檢測及管理主機弱點，有效協助各所中心評估與管理各項主機弱點及威脅，詳細服務說明請參考：https://its.sinica.edu.tw/pages/3608,資訊,https://its.sinica.edu.tw/pages/3608,資訊服務處服務台 02-2789-8855
行政專用服務-資安專區,網頁弱點掃描,"中研院資訊服務處使用AppScan軟體進行網頁資安漏洞掃描（黑箱測試）。AppScan是自動化弱點掃描工具，檢測網頁應用程式的安全漏洞，並提供解決方案及報表。其目的在於簡化安全性問題的發現與修復，降低資訊安全維護成本，確保企業網站安全運行並符合各項必須遵守的規範。

如果想要申請網頁檢測服務，可以填寫資訊服務處的電子服務台之服務洽詢單(https://8855.sinica.edu.tw)，並提供掃描標的名稱、IP和網址。資訊服務處的承辦人會通知洽詢單位掃瞄作業之時程及相關配合事項。掃瞄完成後，資訊服務處會提供漏洞資訊、修改建議和諮詢服務。",資訊,https://its.sinica.edu.tw/posts/119688,資訊服務處服務台 02-2789-8855
全院共用服務-資安專區,資安政策介紹,"中央研究院資通安全暨個人資料保護政策及規範

中央研究院應建立可信賴之資通作業環境，確保資料、系統、設備及網路之安全，以協助本院研究及行政工作之正常運作，並依照個人資料保護法及其施行細則，提供管理階層對依法保護個人資料之支持與承諾。

中研院應依下列原則確保本院各項資通資產及其使用者，符合資通安全要求：1.學術研究、行政支援之相關電子資料，以及傳輸、儲存與處理此等資料之網路、電腦及程式等皆屬資通資產；確保本院資通資產之安全，為全院人員之共同責任。2.應妥適保護所屬資通資產之機密性、完整性及可用性。3.人員應遵守資通安全相關法令及本院相關規定。各單位若有資通資產之委外建置、維護等案件時，亦應遵守前述法令及規定。

中研院應依法蒐集、處理及利用個人資料，以保護當事人權益，並促進個人資料之合理利用。

中研院應綜合考量各項資通資產之重要性及價值，採行與資通資產價值相稱及具成本效益之安全措施，避免因人為疏失、蓄意或自然災害等事故，致資通資產遭不當使用、洩漏、竄改或破壞，影響及危害研究工作與行政支援。

中研院應依相關法令及標準，就下列事項訂定實施要點或作業程序，經資通安全暨個人資料保護委員會審議通過，院長核定後實施。1.人員管理暨資通安全訓練。2.電腦機房安全管理。3.網路安全管理。4.電腦系統安全管理。5.應用系統存取控制管理。6.應用系統發展及維護安全管理。7.電子資料安全管理。8.個人資料保護暨安全維護。9.其他有關資通安全、個人資料保護等事項。前項所稱相關法令，包括國家機密保護法、個人資料保護法、著作權法、電子簽章法、資通安全管理法及其子法等法規。相關法令應刊載於本院全球資訊網，並依法令之增減或修訂更新相關網頁。

中研院有關資通安全事項分工如下：1.資通安全長由副院長或秘書長擔任，主管全院資通安全事務。2.設「資通安全暨個人資料保護委員會」審議資通安全暨個人資料保護事項。3.各單位均應指派資通安全主管(由單位副主管以上主管擔任)與資通安全連絡人。4.設「資通安全稽核小組」會同政風室辦理資通安全稽核事項。5.資通安全計畫與技術規範之規劃、評估、研擬，以及相關服務、教育訓練、宣導及統合協調等事項，由資訊服務處負責辦理。6.資料及應用系統安全之需求研議、使用管理及維護等事項，由業務承辦單位或使用單位負責辦理。7.資訊服務處應設「資通安全事件處理小組」，處理本院緊急或重大資通安全事件。8.資訊機密維護事項，由政風室會同相關單位辦理。

為降低資通安全事件造成之損害，應建立相關通報與處理程序，並詳加記錄。",資訊,https://www.sinica.edu.tw/CP/375,資訊服務處服務台 02-2789-8855
全院共用服務-資安專區,資安規章,"中央研究院個人資料保護暨安全維護規範實施要點

一、中央研究院（以下簡稱本院）為落實本院所保有個人資料（以下簡稱個資）檔案之依法管理及安全維護，爰依個人資料保護法（以下簡稱個資法）施行細則第二十四條之規定，特訂定本要點。
二、本要點之用詞除參照個資法第二條各款外，新增用詞定義如下：
(一)個資欄位：指個資法第二條第一款所列舉個資之個別項目。
(二)個資紀錄：指個別當事人全部個資欄位之集合。
(三)個資去識別化：指藉由代碼替換、刪除或隱藏部份個資欄位，使該個資紀錄無法直接識別當事人。
(四)本院法定職務：指本院組織法第二條、第二十三條所規定之學術研究任務及行政工作事項。
三、本院及所屬單位蒐集、處理或利用個資應為執行本院法定職務所必要；利用個資並應與蒐集之特定目的相符，或具備個資法第十六條但書之合法依據。
四、本院及所屬單位蒐集個資紀錄，宜採電子型式由當事人自行填寫，並限於特定目的不可或缺之個資欄位。當事人所填寫之個資欄位內容，必要時由本院相關法定職務之執行人員依據事實加以查證。
五、本院及所屬單位對個人蒐集資料應以最小蒐集為原則，其無須識別當事人者，不應蒐集可識別資料。
六、本院各研究所(處)、中心因學術研究計畫須利用個資，其無須識別當事人者應以去識別化方式為之。前項個人資料除客觀上已無對應可能外，應自當事人請求起，停止處理及利用。
七、本院各項行政工作法定職務之辦理或掌理單位應定期盤點保有之個資檔案，由院本部指定專責單位彙整陳報院長或其授權人員核定後，依個資法第十七條之規定公開於本院網站。
八、本院各研究所(處)、中心因學術研究計畫而保有個資者，應定期盤點保有之個資檔案，陳報院長或其授權人員核定後，依個資法第十七條之規定公開於本院網站；所公開之個資檔案適用範圍僅限於參與該學術研究計畫之研究所(處)、中心。
九、本院及所屬單位處理個資檔案，應遵循本院資通安全管理規範實施要點之規定。本院及所屬單位遇有個資檔案遭毀損、竊取、洩漏、竄改或其他侵害情事， 應依據前開要點所定資通安全事件通報及應變事項處置。
十、本院及所屬單位應指定專人辦理單位內之下列事項：
(一)辦理當事人依個資法第十條及第十一條第一項至第四項所定請求事項之考核。
(二)辦理個資法第十一條第五項及第十二條所定通知事項之考核。
(三)個資法第十七條所定公開或供公眾查閱。
(四)個資法第十八條所定個人資料檔案安全維護。
(五)個資保護事項之協調聯繫。
(六)單位內個資損害預防及危機處理應變之通報。
(七)個資保護之自行查核及本院個資保護規章之執行。
十一、本院院本部應設置個資保護聯絡窗口，辦理下列事項：
(一)公務機關間個人資料保護業務之協調聯繫及緊急應變通報。
(二)以非自動化方式檢索、整理之個人資料安全事件之通報。
(三)重大個人資料外洩事件之民眾聯繫單一窗口。
(四)本院及所屬單位個資專人名冊之製作及更新。
(五)本院及所屬單位個資專人與職員工教育訓練名單及紀錄之彙整。",資訊,https://www.sinica.edu.tw/CP/377,資訊服務處服務台 02-2789-8855
全院共用服務-資安專區,資安規章,"中央研究院資通安全暨個人資料保護委員會設置要點

中央研究院為推動各單位強化資通安全及個人資料保護之管理，建立安全可信賴之研究及行政環境，設置中研院資通安全暨個人資料保護委員會。

中研院資通安全暨個人資料保護委員會審議下列事項：1.人員管理暨資通安全訓練。 2.電腦機房安全管理。3.網路安全管理。4.電腦系統安全管理。5.應用系統存取控制管理。6.應用系統發展及維護安全管理。7.電子資料安全管理。8.個人資料安全維護規定。9.資通安全管理制度推動。10.其他有關資通安全及個人資料保護事項。

中研院資通安全暨個人資料保護委員會置委員十九至二十三人，其中當然委員，由本院資通安全長、資訊業務諮議委員會召集人、資訊科學研究所所長、資訊科技創新研究中心主任及院本部各處室主管擔任；聘任委員六至八人，陳請院長遴聘，其中三人由資訊業務諮議委員會推薦。本委員會置召集人一人，由資通安全長擔任。本委員會委員聘期二年，連聘得連任之。委員會秘書作業由資訊服務處負責辦理。

中研院資通安全暨個人資料保護委員會每六個月召開會議一次，必要時得召開臨時會議。召集人為會議主席，召集人未能出席時，指定委員一名代理之。",資訊,https://www.sinica.edu.tw/CP/374,資訊服務處服務台 02-2789-8855
全院共用服務-資安專區,資安規章,"中央研究院資通安全管理規範實施要點

第一章 總則
一、本要點依中央研究院資通安全暨個人資料保護政策及規範第五點訂定之。

二、本院各研究所、研究所籌備處、研究中心(以下簡稱各所中心)得依本要點另訂定作業程序。

三、本院資通安全推動組織如下：
本院資通安全暨個人資料保護委員會：推動全院性資通安全管理事宜，並審議相關事項。
單位資安小組：各單位應成立單位內資安組織，負責推行資通安全相關事宜，且應依中央研究院資通安全暨個人資料保護政策及規範第六點規定，指派單位資通安全主管與資通安全連絡人，並將名單送院備查，異動時亦同。院本部資安小組：由資訊服務處擔任。

四、本要點用詞，定義如下：
(一) 電腦機房：包含資訊機房、通訊機房、監控室、媒體儲存區及附屬機電室。
(二) 電腦系統：包含本院網路設備、群組計算設備、伺服主機、資料儲存設備、附設或嵌入於儀器之電腦設備等，及其作業系統與應用系統。
(三) 敏感性電子資料：係指除公務機密外，涉及單位或個人之權益或隱私，依規定應限制公開或不予提供者。
(四) 重大弱點:具可被利用入侵系統，致造成服務中斷或機密資料洩漏風險之弱點。

第二章 人員管理暨資通安全訓練

五、本院人員應注意下列資通安全事項：
(一) 依相關法規負保守公務機密之義務。
(二) 職務為可接觸機密性或敏感性資料者，應於任務指派前閱讀相關保密條款，並簽名以示認知該職務之資通安全規定。
(三) 重要應用系統之發展、維護、管理及操作之人員，應妥適分工，分散權責，並視需要建立管控機制，實施人員輪調，建立人力備援制度。
(四) 各級主管應督導所屬人員妥為辦理資通作業，以確保資通安全，防範不法及不當行為。
(五) 資通作業人員於離職或職務調動時應辦理資通資產交接或歸還，並應立即辦理權限異動或帳號移除。

六、本院應定期舉辦資通安全相關之教育訓練，促使同仁瞭解資通安全之重要性及各種可能的資通安全風險，以提高同仁資通安全意識，促其確實遵守資通安全規定。

七、本院人員應依資通安全管理法(以下簡稱資安法)及其子法規定，依其職務性質完成相關之資通安全訓練。

八、委外作業資通安全管理事項：
(一) 本點所稱委外作業，係指委託廠商辦理資通系統之建置、維運或資通服務之提供（以下簡稱受託業務）；委託單位即指委託廠商辦理上揭受託業務之單位。
(二) 委託單位應依據資安法及資通安全管理法施行細則等規定，監督受託業務之資通安全維護情形。
(三) 委外契約或建議書徵求說明書應載明下列事項：
1.廠商應遵循之資通安全、保密條款及作業相關之法規要求。
2.各項資通安全控管要求，以明確告知委外廠商應遵循事項。
3.相關資通資產之機密性、完整性、可用性及法規性要求。
4.廠商應就辦理上揭受託業務之相關程序及環境之資通安全管理措施配合委託單位進行自評作業，自評結果送本院委託單位備查，本院得保留對委外廠商進行資通安全稽核之權利。
(四) 本院應於簽約後，提供委外廠商資通安全相關作業方式及規定。
(五) 委外廠商及其相關人員於契約期間出入本院辦公場所時，須佩戴識別證，以供人員安全控管及掌握。
(六) 委外廠商及其相關人員於非上班時間加班作業時，應事先取得相關單位同意，以利管控人員出入。
(七) 委外廠商駐點服務人員、實際參與履行契約人員及經常至本院各單位資訊部門洽公之業務人員，均應簽署保密切結書。
(八) 廠商維護資通系統，應以到場為原則，但遇下列情形者，可例外允許遠端維護，惟應加強防護及管理措施:
1.因疫情、地理限制、處理時效及專案特性（如:屬7*24 小時提供服務者）、天災或事變等不可抗力因素者。
2.屬特殊狀況經核准者。

第三章 電腦機房安全管理

九、電腦機房(以下簡稱機房)之規劃、設計與建置應依下列原則辦理：
(一) 考量安全與最大之電力容量、空調散熱能力及地板承重。
(二) 室內建材須耐燃且符合國家標準。
(三) 供電設備如變壓器、不斷電系統、電池組等須有安全保護措施。
(四) 裝設無腐蝕性自動滅火設備。
(五) 裝設環境監測或監控設備。
另考量實際可行性，宜參考以下原則辦理：
(一) 機電室與機房其他部分間保留安全距離，並各自具獨立之空氣及水循環系統。
(二) 裝設監控空調水位、主電源斷電等之警示設備。
(三) 考慮不同冷却方式之備援空調設備。

十、機房內所裝置之電腦系統及相關設備，不應超出安全電力容量、空調散熱能力及地板承重；並嚴禁超載使用。

十一、機房內電腦機櫃、單獨系統及相關設備之間，應保留作業及散熱所需之足夠空間。

十二、機房應有門禁管制，防止未經授權者進出；機房進出管制應依下列原則辦理：
(一) 人員進出機房均須登記，非機房管理人員未經許可不得進入機房。
(二) 廠商維護人員進入機房，應由機房管理人員全程陪同。
(三) 不得攜帶非工作所需物品進入機房。
(四) 機房設備送修或修妥送回，均須登記。

十三、機房之日常作業應依下列原則辦理：
(一) 機房定期執行清潔作業。
(二) 機房設施定期保養，定期辦理安全防護演練。
(三) 機房內廢棄物儘速移除。

十四、機房值班人員應辦理下列事項：
(一) 機房門禁及進出管制。
(二) 機房重要設備與設施之監控，異常狀況之通報、聯繫及因應。
(三) 機房內、外電腦相關設備與設施之巡察。
(四) 機房實體環境安全之維護。
(五) 其他交辦之機房管理事項。

十五、機房各電腦系統及重要設備應指派專責人員，辦理下列事項：
(一) 定期監控系統或設備，確保正常運作。
(二) 系統或設備發生異常狀況時，應即到場、透過安全連線或通訊指導值班人員等方式予以處理；必要時通知維護廠商依約處理。異常狀況及其處理情形應即登載於機房工作日誌。
(三) 其他交辦之系統或設備管理事項。

第四章 電腦系統安全管理

十六、電腦系統應與標準時鐘同步或定期對時，以確保系統時間之一致性。

十七、安裝電腦作業系統應依下列原則辦理：
(一) 作業系統應僅安裝系統運作所需之套件，各套件應僅啟用所需之服務，如須使用遠端登入、網路芳鄰等服務，應加強資安防護及管理措施。
(二) 作業系統修補，如需連接網路以安裝系統修正檔時應先評估其風險。
(三) 作業系統安裝完成後，應即完整備份。

十八、安裝於電腦系統之程式，未能確認其功能與安全性者應先行測試，測試作業應依下列原則辦理：
(一) 不得於系統正式作業環境進行測試，測試電腦之網段應與正式作業網段適度區隔。
(二) 如委由廠商進行測試，應嚴格規定其範圍、權限及程序；並責成廠商提供測試報告，必要時要求廠商先行提交測試計畫。

十九、電腦系統上線時應建立組態資訊，包含軟硬體版本、型號、系統啟用服務及相關參數設定等，並持續維護。

二十、對運作中之電腦系統進行異動，包含系統升級、變更設定、安裝安全性修補程式及組態變更等，應依下列原則辦理：
(一) 異動前應先評估所需資源，包括軟硬體容量、效能、人員、時程及廠商支援等。
(二) 應評估對相關電腦系統、應用程式之相容性及對整體資通作業環境之影響，確保異動之內容符合需求，需要時得要求相關系統管理人員協助評估。
(三) 組態設定檔於變更前及變更後，均應匯出備份，並至少維持最近 3 個版本。
(四) 異動過程中應詳細記錄所遭遇之問題及解決方法。
(五) 異動前應進行備份及回復準備，避免無法復原造成電腦系統不可預期之損害。

二十一、各電腦系統應監控其硬體資源使用、作業系統、資料庫管理系統及網路服務等。

二十二、為強化電腦系統之安全防護，電腦系統除應定期更新安全性修補程式外，另應依下列原則辦理弱點修補：
(一) 接獲政府機關資安弱點通報或外部情資公告之弱點，應就受影響之電腦系統，安排期程落實修補。
(二) 資安健診、滲透測試、弱點掃瞄發現之重大弱點應列冊追踪，於一個月內完成修補作業或採取替代防護措施並保存相關紀錄備查。

第五章 應用系統發展及維護安全管理

二十三、本章規定適用於本院自行或委外開發建置、維護之應用系統。

二十四、應用系統發展或維護前，應先評估其資通安全風險，包括對相關電腦系統之安全衝擊。

二十五、應用系統開發與維護之安全管理應涵蓋下列事項：
(一) 訂定安全運作環境，並嚴謹管理與設定，只釋出必要之最小存取權限。
(二) 訂定網路接取安全措施。
(三) 建立有效防止人為疏失、杜絕惡意入侵之安全控管機制。
(四) 具備完整伺服器端安全控管。
(五) 檢測安全弱點及漏洞，包括自行檢測及非發展者之檢測。
(六) 規範及限制廠商可存取之系統與資料範圍。

二十六、發展應用系統，應於規劃階段，即將下列資通安全需求納入考量：
(一) 管理者與使用者之權責。
(二) 使用者身分認證方法。
(三) 對系統及資料之存取控制。
(四) 所有資料項之屬性。
(五) 機密性及敏感性資料保護機制。
(六) 資料備份及系統故障後回復作業需求。
(七) 重要作業之系統紀錄。
(八) 其他需考量之資通安全控制措施。前項安全需求應儘量轉化為系統功能，自動執行，其餘部分由人工控管，並訂定人工安全控管規範。

二十七、應用系統之測試資料不應含有個人真實訊息、機密性或敏感性內容；若需使用真實資料進行測試時，應採行下列保護措施：
(一) 參與測試者對資料負保護及保密之責，非因測試需要，不得閱讀內容。
(二) 適用實際作業之存取控制措施，亦適用於測試作業。
(三) 測試完畢後，真實資料立即刪除。

二十八、應用系統於上線執行或版本異動前應先進行測試，測試作業應依下列原則辦理：
(一) 不得於系統正式作業環境進行測試。
(二) 如委由廠商進行測試，應嚴格規定其範圍、權限及程序；並責成廠商提供測試報告，必要時要求廠商先行提交測試計畫。

二十九、應用系統版本異動前應進行備份及回復準備，避免無法復原造成不可預期之損害，異動過程中應詳細記錄所遭遇之問題及解決方法。

三十、基於委外開發之實際作業需要，得核發暫時之系統辨識及通行碼供廠商使用，使用完畢後應立即取消其使用權限。

第六章 應用系統存取控制管理

三十一、本院應用系統帳號、通行碼、使用權限及存取紀錄等，應依本章規定進行管理。

三十二、帳號新增及異動管理應依下列原則辦理：
(一) 帳號新增及異動須經申請，並經權責人員核可後，交由系統管理單位辦理，並保留紀錄。
(二) 帳號、通行碼之通知過程應有保護措施，防止被窺視竊取。
(三) 單一使用者於單一系統上僅能申請及持有單一個人帳號，因業務或特殊原因需使用兩個以上帳號，應提出申請。
(四) 帳號持有人個人資料如有變更時，應依規定更新；人員職務異動、留職停薪或離職時應依規定辦理帳號移交或註銷，未依規定辦理者，系統管理人員得逕行停止該帳號之使用。
(五) 不得共用帳號，以區分安全責任；但職務帳號得與職務代理人共同管理。

三十三、帳號持有人應遵守下列原則：
(一) 尊重他人隱私與使用權。
(二) 不得擅自使用他人帳號或修改他人檔案、資料或通行碼，亦不得置放或散布侵擾其他使用者之程式。
(三) 不得侵入未經授權使用之電腦系統。
(四) 不得傳送或散布具恐嚇性、暴力性或猥褻性之資料，或謾罵、侮辱他人等不當言論。
(五) 不得散布病毒、蠕蟲、木馬、後門等有害程式。
(六) 遵守智慧財產權有關規定，不得重製或散布侵害他人著作權之檔案。
(七) 不得寄送垃圾或廣告郵件。
(八) 不得有其他重大違規行為。帳號持有人如有違反前項使用原則情事，系統管理人員視情節得為通知改善、縮減使用權限、停止使用或其他必要之處置。

三十四、應用系統登入管理應依下列原則辦理：
(一) 宜設定可開放連線之時間或連線逾時自動登出之機制。
(二) 除帳號、通行碼外，應依業務需求考量是否採用其他適切之身分鑑別技術。
(三) 登入作業完成後，宜顯示前一次登入成功或失敗之時間或相關訊息。
(四) 限制連續登入失敗次數之上限，登入失敗次數達上限者，應暫停該帳號一定時間之登入，或鎖定該帳號直到系統管理人員重新啟動。
(五) 必要時限定使用者之 IP 位址。

三十五、使用者應選擇高安全性通行碼，力求降低被破解之風險，並應妥善保管避免他人知悉。通行碼應定期更新；重要應用系統之通行碼更新週期應低於 6個月。

三十六、應用系統使用存取權限管理應依下列原則辦理：
(一) 使用者權限之申請，應由權責單位依使用者執行職務之需求，以工作所需最小權限之原則核可後，交由系統管理人員執行相關設定。
(二) 未經核可之申請，系統管理人員不得進行授權作業設定。
(三) 系統管理人員進行遠端維護時，應限制其經由本院核可之遠端連線來源。

三十七、重要應用系統應啟動系統紀錄功能，系統管理人員應保存系統紀錄檔並定期備份。
各系統應視其重要性及支援程度將下列事件列入紀錄：
(一) 系統管理人員及具備特殊權限帳號者之登入成功及失敗事件。
(二) 使用者帳號異動及對通行碼檔案之讀取與變更。
(三) 程式原始碼及執行碼之變更。
(四) 直接進入資料庫管理系統變更資料。
(五) 系統設定檔之存取及變更。

三十八、系統管理人員應依下列原則辦理存取控管作業查核：
(一) 定期辦理帳號清查，若發現帳號不當使用或持有人不再符合申請資格，系統管理人員得停止或註銷該帳號。
(二) 監控有無違反系統存取規定之安全事件，並定期檢視紀錄，分析其異常狀況。
(三) 存取紀錄檔須另行查核。
(四) 已註銷帳號之所屬檔案，得保存一定期限，原帳號持有人得於保存期限內申請重製。但儲存重製檔案之媒體應由申請者自備。

三十九、各單位開放外界連線作業之應用系統，應避免人員直接存取應用系統之資料檔，必要時得視資料及系統之重要性及價值，採用資料加密、身分鑑別、電子簽章、代理伺服器、防火牆及安全漏洞偵測等不同安全等級之技術或措施，防止資料及系統遭入侵、破壞、竄改、刪除或未經授權之存取，並記錄完整系統使用資料。

第七章 網路安全管理

四十、本院為維護資通安全或避免非法行為，得依網路服務性質分別規範網路存取、網路服務功能或通訊協定之使用方式。

四十一、各單位以固定或動態方式提供使用之 IP 位址，應保存其使用紀錄以備資通安全事件稽核之需。

四十二、各單位應管理網路系統及相關設備，以維持基礎網路服務系統正常運作。

四十三、各單位網路系統及設備之管理應依權責配發管理帳號並設定適當權限；除因系統限制外，不得多人共享帳號。

四十四、各單位應妥適安全控管對外連接網路之線路與設備，必要時得設防火牆或其他安全設施，以控管外界與本院網路之資料傳輸及資源存取。

四十五、各單位利用公眾網路傳送資訊或進行交易處理，應遵守本院相關規定；並應評估可能之安全風險，確定資料傳輸符合完整性、機密性、身分鑑別及不可否認性等安全需求。

四十六、網路之管理
本院網路之路由接續、IP 位址區段之分配管制及領域名稱登錄等管理事項由本院資訊服務處負責。
本院網路加值服務之協調與整合由資訊服務處負責。本院各單位之網路管理者為執行本章規定，其有關網路之管理事項如下：
(一) 應辦理安全維護事項，防止個人資料遭竊取、竄改、毀損、滅失或洩漏。
(二) 為維護網路安全及效能，應區隔及調節網路流量。
(三) 配合本院處理網路事宜，提供相關資訊。

四十七、禁止濫用網路系統
使用者不得從事下列行為：
(一) 盜用、冒用他人帳號或無故將個人帳號借予他人使用。
(二) 散布電腦病毒、傳送廣告信或無用訊息或其他違反法令之行為。
(三) 以任何方式偷窺、竊取、更改或破壞他人資訊。
(四) 傳送或散布恐嚇、猥褻或違背善良風俗習慣之資料，或謾罵、侮辱他人等不當言論。
(五) 濫用網路資源，影響系統正常運作或危害網路穩定之行為。

四十八、尊重智慧財產權
使用者應尊重智慧財產權，避免下列可能涉及侵害智慧財產權之行為：
(一) 使用未經授權之電腦程式。
(二) 下載或重製未經授權之著作。
(三) 未經著作權人之同意，重製或散布其著作於公開之網站上。
(四) 任意轉載作者明示禁止轉載之網路文章。
(五) 架設網站供公眾下載未經授權之著作。
(六) 其他可能涉及侵害智慧財產權之行為。

四十九、網路隱私權之保護
網路管理者及使用者應尊重網路隱私權，不得任意窺視個人隱私資料或有其他侵犯隱私權之行為。

五十、違反之處置
使用者違規使用網路，本院得視情節輕重緩急，為通知改善、縮減使用權限、停止使用或必要之處置，其有關處置說明如下：
(一) 年度內第一次違規使用網路，情形輕微者通知改善，未於一週內改善者得限制其對外連線。
(二) 年度內第二次(含以上)違規使用網路，情形輕微者限制對外連線，未於一週內改善者得停止其網路使用權限。
(三) 違規使用網路情形嚴重者，立即停止網路使用權限。
(四) 網路使用權限已被限制或停止者，得視其改善情形恢復網路使用。
惟依本點進行處置前，應予使用者說明之機會。使用者違規使用網路，其行為違法時，行為人應依民法、刑法、著作權法或其他相關法令自負法律責任。

五十一、申訴機制
如違規使用網路之行為人對本院依前點所為處置有異議時，得向本院資通安全暨個人資料保護委員會申訴。

第八章 電子資料安全管理

五十二、下列電子資料應依本章規定進行管理：
(一) 供研究或行政使用之資料庫、資料檔或文件檔。
(二) 電腦系統中帳號之個人資料、存取與服務紀錄。

五十三、電子資料之經管單位，包括：
(一) 行政用電子資料之相關業務掌理單位。
(二) 研究用電子資料之持有單位。
(三) 受託管理電子資料相關資通系統之單位。
各單位應就所經管之電子資料，訂定使用條件及存取權限。

五十四、敏感性電子資料使用及存取，應遵守相關法令或規定。其他機關非經法定程序要求本院提供敏感性電子資料者，應予拒絕。

五十五、電子資料之存取，應設控制措施，以防止未經授權之竄改或竊取。敏感性電子資料之存取，應採取較一般帳號通行碼機制更為嚴格之控制措施，並應注意其相關安全事項。存有敏感性電子資料之個人電腦，應設具相當安全程度之開機通行碼。",資訊,https://www.sinica.edu.tw/CP/376,資訊服務處服務台 02-2789-8855
全院共用服務-資安專區,資安規章,"中央研究院資通系統電子形式軌跡資料（Log）管理要點

一、中央研究院（以下簡稱本院）為確保電子形式軌跡資料（以下簡稱 Log）之蒐集、處理及利用符合資通安全及資訊隱私之維護，依個人資料保護法施行細則第24條之規範，訂定本管理要點。

二、本要點所稱 Log 指在使用資通系統服務過程中，由作業系統、應用系統、資安設備、網路設備等軟硬體自動產生使用狀態之紀錄，包括但不限於使用者之存取帳號、存取時間、網路 IP 位址、使用設備代號、網路路徑等使用資通系統之紀錄。

三、本要點適用範圍為本院各單位提供或管理之資通系統。

四、本院提供或管理資通系統之各單位主管應指派負責督導資通安全業務之 Log主管（由各單位資通安全主管或資訊室主任擔任為原則）執掌以下事務：
(一) 指派掌有資通系統帳號管理權限者為Log管理者。
(二) 受理Log調閱書面申請。
(三) 接受口頭答覆申請案之報備
(四) 監督稽核 Log 管理者落實資通系統之維運及安全管理工作。
(五) 為資通安全目的提出 Log 調閱申請。

Log 管理者，執掌以下事務：
(一) Log 之保存與稽核。
(二) 為維護資通系統安全所為之威脅分析與因應。
(三) 資安事件之調查處理。

五、各單位之 Log 應依照中央研究院資通安全管理規範實施要點進行保存。各單位應定期依 Log 自動產生之綜合分析報告，進行例行性檢視，分析異常狀況，及早發現潛在的資安威脅，以維持系統正常穩定運作。各單位應建立 Log 管理者之權限控管、身分認證機制。並訂定 Log 之閱覽、判讀、更改設定之作業程序規範，報院備查。
各單位發現資通安全事件時，除依中央研究院資通安全管理規範實施要點進行通報及處理。如需調閱 Log，其申請審核程序依第六點規定辦理。

六、申請調閱 Log，除法律另有規定者外，以本院人員為因應資通安全威脅所必要者為限。為有效迅速解決資通安全威脅，Log 管理者得接受申請人以口頭申請，並得逕以口頭答覆。但有下列情形之一者，應以書面提出調閱申請：
(一) 申請閱覽或提供複製本。
(二) 不宜以口頭答覆者。
Log 管理者以口頭答覆後，Log 主管認定應以書面提出申請者，應請申請人補提書面申請。各單位為資通安全目的有主動調閱Log必要時，應由Log主管以書面提出調閱申請。但為因應緊急資通安全之必要，得先以口頭向單位主管報請核准調閱之，並儘速補提書面申請。
本院以外之政府機關依法請求本院提供Log者，應以機關名義來函敘明法律依據及請求提供Log之特定範圍。

七、以書面申請調閱者，由Log主管報請單位主管核准得調閱之 Log 項目及內容。申請人為單位主管者，由單位副主管或最資深研究人員核准之。單位主管或Log 主管因職務所知悉之資訊，應保守秘密。以口頭申請並以口頭答覆者，由 Log 管理者進行審核，並儘速以書面或電子紀錄方式向 Log 主管報備。Log 主管並應定期稽核Log管理者受理口頭申請與實際提供口頭答覆之業務處理情形。提供調閱或口頭答覆之範圍，以解決資通安全威脅所必要之最少資料為限。調閱之 Log 涉及第三人之使用紀錄時，除應由單位主管審核外，並應通知該第三人。

八、Log 管理者應負以下之管理責任：
(一) Log 管理者不得對 Log 進行管理權責以外之監看與分析。
(二) 書面調閱申請文件，Log資料管理者應妥善保管。
(三) 因職務所知悉之資訊，應保守秘密。
(四) 應保管調閱申請之紀錄。
(五) 所屬單位人員離職或職務調動時，立即辦理權限異動或帳號移除。

九、本院提供或管理資通系統之各單位應公告隱私權政策，聲明該管資通系統為維護系統安全將自動記錄整體或個別使用者Log之類別及其利用方式。",資訊,https://www.sinica.edu.tw/CP/378,資訊服務處服務台 02-2789-8855
全院共用服務-資安專區,資安規章,"中央研究院公務用途使用即時通訊軟體指引

中央研究院為提高本院同仁使用即時通訊軟體處理公務之安全性，防止遭駭客入侵、竊取資料、假冒詐騙等資安風險，並避免操作不慎致公務資料外洩，特提供以下使用建議予各單位參考。

軟體的選用建議
1. 本院建議使用 SKI+：(1) 本軟體具備點對點加密功能。(2) 由本院專業團隊建置，伺服器由可靠機構維運。
2. 如須使用其他通訊軟體時，提醒不得使用中國開發之通訊軟體外，並建議參考以下措施：(1) 須具備點對點加密功能。(2) 該通訊軟體伺服器宜建置於台灣境內。

軟體的安裝由官方網站下載，勿隨意透過未知來源連結或網站隨意下載使用。 安裝時僅授權軟體必要使用權限，避免洩漏過多個人資訊。依各廠牌即時通訊軟體原廠建議進行安全設定。

安裝即時通訊軟體之電腦、筆電請安裝防毒與端點防護軟體且保持正常運作。行動裝置不宜有取得超級使用者權限等破壞原廠安全機制之行為。裝置之系統及通訊軟體版本必須保持最新版本，確保使用安全。

使用即時通訊軟體以傳送溝通訊息為主，內容避免涉及機密性、安全性、隱私性、敏感性或洩漏個人資料。不隨意以任何形式散佈通訊內容至任何公開或特定公開之網站。3. 未確認傳遞者身分及訊息內容真實性前，不隨意點選訊息內超連結，以免落入釣魚、惡意或高風險網站陷阱。

 隨時注意工作群組是否有陌生人士潛入，避免資訊外洩。",資訊,https://isc.sinica.edu.tw/archives/778a2f228626465e,資訊服務處服務台 02-2789-8855
全院共用服務-資安專區,資安規章,"中央研究院自攜電子設備使用指引

中央研究院為降低同仁自攜電子設備因資安防護或管理不足，被植入病毒或惡意程式，進而遭使全院公務資訊系統遭駭、資料外洩等風險，特提供以下使用建議予各單位參考。

本建議適用於中研院公務行政區與對外服務區之自攜電子設備。學術研究區與訪客區不適用。

名詞定義
1)自攜電子設備：自行攜帶之桌機、筆電、手機、平板電腦等可連網資訊設備。
2)公務行政區：辦公室電腦、公務資訊系統伺服器所在之網路區域。
3)對外服務區：對全院及外界開放之服務系統網路區域。
4)學術研究區：研究室電腦和伺服器等。
5)訪客區：非上述三個網路區域，僅供訪客連網用的網路區域。

於中研院公務行政區與對外服務區使用自攜電子設備，建議該兩區域之網路管理單位訂定管理措施(如提出申請並列冊管理)。

建議相關設備完成以下資安防護措施：
(1) 系統、應用程式定期更新。
(2) 僅安裝所需要用的軟體。
(3) 桌機及筆電請安裝防毒及端點防護軟體並維持正常運作。
(4)所有應用程式或軟體請從官方網站下載安裝。

自攜電子設備避免儲存公務資料，同仁離職時，請確認設備中無留存公務資料，並停止存取公務用網路環境。",資訊,https://isc.sinica.edu.tw/archives/b2d6ce0ddfe50abf,資訊服務處服務台 02-2789-8855
全院共用服務-資安專區,不建議使用大陸APP清單,"為免公務及機敏資料遭不當竊取，導致機關機敏公務資訊外洩或造成國家資通安全危害風險，建議避免使用以下APP：
1.大陸開發的APP，包括以下幾款：抖音(Tiktok) 、微信(WeChat) 、新浪微博 、小影(Viva Video) 、ZOOM會議軟體等。
2.工具、通訊類型的危險APP，例如：
1) Free Affluent Message 
2) PDF Photo Scanner 
3) delux Keyboard等。
3.使用曾發生過資安事件(含疑似案件)APP，包括Craigpark Limited 公司旗下所有的APP。
4.其他有潛在疑慮的APP清單，例如：One Dot Moblie Limited 旗下所有的APP。

詳細的名單請參考 https://its.sinica.edu.tw/posts/148906 。如果已經下載使用上述APP請盡速移除。",資訊,https://its.sinica.edu.tw/posts/148906,資訊服務處服務台 02-2789-8855
行政專用服務-資安專區,資訊服務採購資安要求事項,"資訊服務處採購資安要求事項包含下列幾點：
1.契約書必須使用本院資訊服務採購契約範本
2.在RFP(需求書或規格書)中必須包含需求書(或規格書)資安要求項目
3.契約相關文件必須納入委外廠商的資安專業資格或能力之評估機制，包括評選機制(採購案為評選案)和議價機制
4.必須明確列出採購案的資安經費，其中投標標價清單或報價單應納入資訊安全項目。

相關的參考文件與詳細說明請參考網頁：https://its.sinica.edu.tw/posts/164327。",資訊,https://its.sinica.edu.tw/posts/164327,資訊服務處服務台 02-2789-8855
行政專用服務-資安專區,中央研究院廠商資通安全暨個資保護條款-參考範本,有關中研院非屬資訊服務的採購案件，廠商須符合之資通安全暨個資保護條款，以及廠商需提供之保密切結書、保密同意書等範本，已公告於資訊處網頁https://its.sinica.edu.tw/posts/164330。,資訊,https://its.sinica.edu.tw/posts/164330,資訊服務處服務台 02-2789-8855
全院共用服務-資安專區,電子郵件使用安全防護建議,資訊服務處提供電子郵件使用安全防護建議，包括防駭建議、安全性設定、居家辦公與辦公室皆適用之電子郵件防護建議事項，以及社交工程攻擊防護建議等，同仁可以依照說明內容進行相關設定，可以有效提升電子郵件使用安全。相關操作設定請參考：https://its.sinica.edu.tw/posts/155186。,資訊,https://its.sinica.edu.tw/posts/155186,資訊服務處服務台 02-2789-8855
全院共用服務-資安專區,社交工程防護與案例,資訊服務處針對社交工程攻擊防範及建議，提供相關參考文件，包含社交工程名詞定義、電子郵件社交工程防範、網路釣魚郵件防範、電子郵件防範，以及如何啟用強化身分驗證機制的功能，詳細說明請參考： https://its.sinica.edu.tw/archives/1485c1a30a28f395。,資訊,https://its.sinica.edu.tw/archives/1485c1a30a28f395,資訊服務處服務台 02-2789-8855
行政專用服務-資安專區,弱點掃描工具建議,資訊服務處建議的弱點掃描工具，分為主機弱點掃描、網站弱點掃描和原始碼檢測。主機弱點掃描工具，建議使用 Tenable Nessus 和 Rapid7 Nexpose；網站弱點掃描，建議使用 HCL AppScan、Acunetix 和 HP Webinspect；原始碼檢測，建議使用 Checkmarx 和 Fortify。,資訊,https://its.sinica.edu.tw/posts/155190,資訊服務處服務台 02-2789-8855
全院共用服務-資安專區,中研院「電子郵件寄送格式指引」,"中央研究院電子郵件寄送格式指引

一、 為降低中研院院同仁遭受詐騙或釣魚信件風險，增加院內信件辨識資訊，提高同仁收信安全，特定本指引事項。

二、 本指引事項適用：單位內公告、會議通知、系統自動通知信等，亦可視各單位情況進行其他應用。

三、 相關建議如下：(一) 寄件者欄位應清楚標註中英文姓名，並視需求加註中英文單位簡稱或職稱。(二) 收件者欄位填寫業務帳號信箱或承辦人信箱，真實收件者置放於 e-mail 之密件副本欄位。(三) 信件主旨開頭統一使用識別特徵，例資訊服務處之信件主旨識別特徵為[AS-ITS]。(四) 信件內容避免提供縮網址及 QR Code。(五) 若信件內容與外籍同仁相關，應同時附上英文主旨及內容。(六) 信件內文署名應中英文並列，內容須包含單位名稱、承辦人職稱、姓名、電話及 e-mail。單位名稱應載明「中央研究院」，及寄件者所屬之單位全稱。(七) 如無特殊格式需求，可使用純文字格式進行寄送，一行不超過 30 字中文(60 字元)為宜。(八) 信件以主管名義寄送者，需註明由承辦人轉寄並留存聯絡資訊。

四、 如 e-mail 來信已參照制式格式，仍須謹慎評估信件內容或附件是否仍有疑慮之處，視需要可透過電話或其他管道再次確認，以確保郵件來源正常。

詳細說明請參考：https://its.sinica.edu.tw/posts/164177。",資訊,https://its.sinica.edu.tw/posts/164177,資訊服務處服務台 02-2789-8855
全院共用服務-資安專區,近期終止支援軟體清單,資訊服務處每半年會定期更新、公告近期終止支援軟體清單，其中包含Windows、Windows Server、CentOS、Red Hat Enterprise Linux、Apache HTTP Server、MySQL、SQL Server、Maria DB、PostgreSQL、PHP、Nginx，請配合停用過舊(End Of Service)版本軟體，詳細版本終止支援時間請參考網頁：https://its.sinica.edu.tw/posts/167143。,資訊,https://its.sinica.edu.tw/posts/167143,資訊服務處服務台 02-2789-8855
行政專用服務-資安專區,端點防護,"中研院使用 Xensor 軟體進行相關端點防護，此軟體提供資訊安全防護服務，可簡化資安問題的發現和修復，以降低資訊安全維護成本。

該服務可分為前期：進行定期檢測端點狀態；中期：發生資安事件後，可快速比對系統資安基準，並發現攻擊來源和橫向擴散範圍，以及早處置並進行災損控制；後期：可持續觀察事件處理狀況和異常行為。

Xensor 的運作方式為數位鑑識報告收集工具，可透過快速掃描完成數位鑑識的資料分析和蒐集，分析內容包括 Windows 系統的 C 槽、系統目錄的檔案、執行檔、開機啟動項目程式、排程啟動程式和網路連線狀態，並掃描記憶體內容判斷是否有惡意程式執行。

Xensor 支援的平台包括 Windows Server 2008 R2 以上、Windows 7 SP1 以上、Linux 和 MacOS 等。詳細申請方式及軟體下載資訊請見：https://its.sinica.edu.tw/pages/2531。",資訊,https://its.sinica.edu.tw/pages/2531,資訊服務處服務台 02-2789-8855
行政專用服務-行政資訊服務,中央研究院院本部應用系統委外開發自我檢查表,"應用系統委外開發需要綜合考量本院政策目標、業務需求、技術環境、經費預算等因素，為避免採購需求規格或契約書約定有所遺漏或不足，導致辦理採購時需與業務單位討論補充資料而延誤時程，或履約時與承包廠商因責任不明而衍生爭端，爰建立本檢查表以供中研院院本部各處室於應用系統委外準備階段有所依循，並供中研院各所(中心)參考。
   
本檢查表適用於各種特定應用目的之委外客製化程式開發案，包含行政自動化系統、網站、手機應用系統、電腦應用系統等委外開發案。

中研院院本部各處室於委外準備階段，依本檢查表自行檢查及儘早與資訊服務處共同討論，並於簽請同意委外開發之公文檢附本檢查表的查填結果，以提高委外採購案之審核效率與整體品質。

中研院各所(中心)於研擬委外採購文件(如契約、需求書、規格書、採購須知、評分項目等)時，可參考本檢查表之各項檢核重點自行檢查有否疏漏，以提高委外採購案之整體品質。

詳細說明與相關附件請參考https://its.sinica.edu.tw/pages/3437。",資訊,https://its.sinica.edu.tw/pages/3437,資訊服務處服務台 02-2789-8855
全院共用服務-綜合業務,圖示資料,資訊服務處提供圖示資料下載，內容包含電子賀卡圖檔，以及各種院區照片，供院內同仁使用，下載不需要登入帳號密碼，提供院內同仁非商業運用，詳細下載網址請參考：https://its.sinica.edu.tw/pages/1733。,資訊,https://its.sinica.edu.tw/pages/1733,資訊服務處服務台 02-2789-8855
全院共用服務-綜合業務,電腦教室使用說明,"資訊服務處管理之電腦教室位於國家生技園區生物資訊中心(D棟)
1)生技園區生物資訊中心電腦教室，可依據中央研究院國家生技園區D棟電腦教室使用與管理規範申請借用，並於使用日1週前，向資訊服務處提出申請，請至資訊服務處網頁點選下載專區之服務申請表單，下載中央研究院國家生技園區Ｄ棟電腦教室使用申請表。遞送資訊服務處辦理。

相關申請文件與詳細說明，請參考網頁：https://its.sinica.edu.tw/posts/165678。",資訊,https://its.sinica.edu.tw/posts/165678,資訊服務處服務台 02-2789-8855
全院共用服務-綜合業務,授權軟體列表,中央研究院聯合採購之授權軟體項目、各軟體下載及使用說明，可至https://its.sinica.edu.tw/pages/1732查詢。,資訊,https://its.sinica.edu.tw/pages/1732,資訊服務處服務台 02-2789-8855
全院共用服務-綜合業務,重要記事,資訊服務處各年度重要記事，請至https://its.sinica.edu.tw/pages/1664依照年度瀏覽相關資訊。,資訊,https://its.sinica.edu.tw/pages/1664,資訊服務處服務台 02-2789-8855
全院共用服務-綜合業務,重要措施,資訊服務處自109年度起，每半年發布重要措施資訊，文件中會將資訊服務處近半年將推出的新服務或政策有修改、變革的事項，條列提供給中研院同仁參考，且可以定期讓中研院同仁獲得最新、最有效的資訊，並保持措施的時效性和適用性。詳細資訊請至https://its.sinica.edu.tw/pages/3124瀏覽。,資訊,https://its.sinica.edu.tw/pages/3124,資訊服務處服務台 02-2789-8855
全院共用服務-綜合業務,服務申請表單,資訊服務處各項服務紙本申請表，包含宿舍網路申請、大量訊息傳遞申請表...等等，請至https://its.sinica.edu.tw/pages/1724下載。,資訊,https://its.sinica.edu.tw/pages/1724,資訊服務處服務台 02-2789-8855
全院共用服務-綜合業務,應用系統基礎資訊服務 ,"提供應用系統開發所需基本資訊與需求，包括認證、集中授權與介接等服務。服務包含：
1.認證：搭配可靠商業產品，提供FIDO無密碼MFA解決方案。
2.授權：授權集中管理，並可依IP、在職狀態及客製條件過濾權限，降低資安風險。
3.介接：資料涵蓋組織、人事、財務、事務等領域，避免複製資料衍生的同步與安全問題。
申請方式：請至本處網頁的「下載專區」下載「中央研究院應用系統基礎資訊服務介接申請表」，填寫並傳送至本處服務台。使用說明於申請完成回函內提供。",資訊,https://its.sinica.edu.tw/posts/183821,資訊服務處服務台 02-2789-8855
全院共用服務-綜合業務,網路投票 ,"提供記名或匿名網路投票，記名投票需使用SSO帳號登入，匿名投票則由系統生成密碼登入。
由發起者創建投票活動並進行投票設定(基本資料、投票顯示及流程、投票規則、結果顯示)與候選人設定。系統支援分組和不分組投票功能，分組投票可各自統計分組結果，完成後系統保存投票結果。",資訊,https://its.sinica.edu.tw/pages/4399,資訊服務處服務台 02-2789-8855
全院共用服務-綜合業務,員工帳號(SSO)申請與密碼設定,"有關院內FIDO無密碼驗證機制，我們提供下列QA給同仁參考

FIDO是什麼？
FIDO (Fast IDentity Online) 使用生物辨識，是一種標準化且更安全、便捷的身份認證技術，透過儲存在手機中的資訊進行身份驗證。

FIDO為什麼可以提高安全？
FIDO驗證的資訊都存在個人手機上，認證資訊不會被存取，因此可以大幅降低驗證資訊被攔截的風險。

使用FIDO是否就可以不用再輸入密碼登入？
自113年10月起，啟用FIDO即可無密碼登入，只要透過手機完成身分驗證即可；惟部分系統可能尚未加入FIDO驗證，仍須使用帳號密碼登入，我們會陸續整併。

所有的資訊服務系統都支援FIDO登入嗎？
院內各項行政資訊服務系統，都會陸續加入FIDO驗證。

要如何啟用FIDO服務？
請洽各單位管理者或資訊服務處服務台（02-27898855）。

設定FIDO需要特別的設備嗎？
可以使用隨身攜帶的智慧型手機來進行驗證，或自行購買FIDO認證的驗證裝置（FIDO KEY）。

請問可以註冊兩支以上的手機嗎？
可以，每人可以設定兩個行動裝置、一個FIDO KEY（需要自行購買，建議購買有指紋功能的裝置）。

我的行動裝置已經很老舊了，可以設定FIDO嗎？！
手機不支援：Android 6、ios 9以下的系統。

更換手機或是手機遺失，無法使用FIDO認證該怎麼辦？
原機還可以使用：至中研院入口網 - 帳號安全重設載具。
原機無法使用：洽詢各單位管理者或資訊處服務台。

假日值班或是臨時加班，忘記帶手機或手機故障，但資訊處服務台或資訊室沒有人可以發臨時登入驗證碼怎麼辦？
如經常需要假日值班或是加班人員，可事先設定第2行動裝置作為備援使用，請事先攜帶備用手機或是平板至資訊處服務台（或各單位資訊室）設定。

可以不要設定FIDO驗證機制嗎？
現階段我們會分批完成各單位設定，普及後就會全面啟用，屆時如果還沒完成設定，就無法順利登入使用，只能臨櫃辦理。

忘記帶手機或是手機臨時沒電、故障怎辦？
請通知各單位管理者或資訊服務處服務台，確認身分後提供您備援登入方式。

我手機有增加指紋（人臉）辨識功能，原本沒有開啟，或新增修改指紋、FACE ID，出現下列訊息，如何處理？
錯誤訊息：檢查到裝置上的「生物辨識」設定變更，請重新註冊此載具。(12) Authenticator access denied.如果手機註冊FIDO後變更生物辨識設定，FIDO push就會偵測到異動而失敗，需要重新註冊載具，請親洽各單位管理者或資訊處服務台協助設定。

有時候推播會失敗，要點兩三次才能成功？
因為推播機制會透過手機、網路與蘋果/安卓三方驗證，如推播臨時故障，可直接改用OTP輸入驗證碼方式亦可直接登入使用。

IDExpert APP開啟後要求我輸入PIN碼但我已經忘記了？
尚未註冊可移除APP重新安裝，如已註冊需要通知服務台協助解除註冊後重新設定。

選用FIDO KEY驗證時，會出現選擇密碼金鑰類型，是要選擇Windows Hello或外部金鑰，還是使用手機、平板或安全金鑰？
因為裝置有支援藍芽（可以感應其他載具），所以需要手動選擇要驗證的載具，請選擇：Windows Hello或外部金鑰，再透過接在電腦上的FIDO KEY完成驗證即可。",資訊,https://its.sinica.edu.tw/pages/3256,資訊服務處服務台 02-2789-8855
全院共用服務-綜合業務,AI服務平台—逐字稿（測試版）,"資料保留期限：轉檔資料將保留 1 個月，請使用者盡早自行備份，以免資料逾期刪除。測試期間，請務必提前下載轉檔結果，以免資料遺失。
音檔上限：每次上傳的音檔大小上限為 200 MB。音檔的前 30 秒 將作為語言判斷依據，請刪除不需要的音檔內容後再上傳，以確保準確性。
支援語系：目前支援的語言包括 中文、英語、法語、德語、西班牙語、義大利語、日語、荷蘭語 等，系統將自動識別語系並進行轉錄。
使用本服務即表示您同意並遵守 《AI服務平台-逐字稿使用條款》。
服務網址：https://asai.sinica.edu.tw/
登入方式：使用者須以 中央研究院員工 SSO 帳號 驗證登入。離職或退休後，無法繼續使用本服務。",資訊,https://its.sinica.edu.tw/pages/4667,資訊服務處服務台 02-2789-8855
全院共用服務-資安專區,資安政策介紹-學術區分艙管理措施,"為落實學研環境資安管控，學術研究區網段規劃採「分艙管理」方式，避免跨艙/跨區之橫向攻擊，請依實際情形執行，以各種分艙樣態（如：研究員、實驗室或樓層等）進行分艙，當⼀艙遭攻陷時，不影響其他艙為原則，將學術研究區之連網設備，以實體或邏輯方式進行分群與區隔。並依不同學術研究需求，決定各艙等級，導入合適控制措施，說明如下：
第1級：除符合公務行政區之防護標準外，實驗室內特定區域之網路須與其他網路（含Internet）以實體線路區隔方式進行實體隔離，不能互通（適用涉及不公開之特殊研究或高度機敏資訊）。
第2級：比照公務行政區之防護標準。
第3級：原則比照公務行政區之防護標準，未能比照公務行政區之防護標準，須敘明理由、相對應之防護措施，以及發生資安事件之緊急處置方式，並經單位資安長同意。
 
例外管理：若因特殊情形，須於艙間開放特定連線，須敘明理由、相對應之防護措施及發生資安事件之緊急處置方式，經單位資安長同意後進行列管；使用理由消滅後，須回復為分艙隔離狀態。",資訊,https://its.sinica.edu.tw/posts/186048,資訊服務處服務台 02-2789-8855
全院共用服務-網路資訊,GWS雲端服務,"為強化本院資訊系統韌性，本院導入Google Workspace雲端服務，功能包含了Gmail、雲端硬碟、文件、試算表、簡報等，容量50G。
(1)本服務的帳號登入帳號為：[SSO帳號]@as.edu.tw
(2)快速登入網址服務如下：
Mail：https://mail.sinica.edu.tw
Drive：https://drive.sinica.edu.tw
Calendar：https://calendar.sinica.edu.tw
(3)需綁定FIDO驗證才能登入。
(4)離職或退休後，均無法使用本服務。

服務限制
(1)敏感資料須加密後再上傳，如要分享必須以其他管道傳送密碼。
(2)檔案分享時，僅分享給必要的對象，並設定適當的權限及期限。

其他資訊
(1)本服務導入公告及說明手冊，請點選此連結查閱：https://drive.google.com/drive/folders/1o67DZDdxb22sIF1CbiZgB2nEre7BM1Tc?usp=sharing
(2)本服務相關QA及其他資訊說明，請瀏覽此網站：https://sites.google.com/as.edu.tw/gws/",資訊,https://its.sinica.edu.tw/pages/4532,資訊服務處服務台 02-2789-8855
全院共用服務-網路資訊,GWS雲端服務,"本院將於114年3月20日起正式導入GWS雲端服務以取代現行gate信箱及MySpace個人雲端服務。為確保導入過程順利,本
處規劃分批導入作業，詳細資訊請參考網頁說明https://its.sinica.edu.tw/pages/4532。",資訊,https://its.sinica.edu.tw/pages/4532,資訊服務處服務台 02-2789-8855
全院共用服務-網路資訊,GWS雲端服務,"常見問題
登入 GWS 帳號需使用指定入口，Gmail 可透過 https://mail.sinica.edu.tw 登入，Google Drive 則可使用 https://drive.sinica.edu.tw，亦可從 Google 首頁進行登入，帳號格式為 您的SSO@as.edu.tw。

使用 GWS 服務前需綁定 FIDO 驗證，未綁定者無法登入，如需協助請洽單位管理者。

若於 Google 首頁登入時出現「帳號不存在」，應確認輸入的帳號格式為 您的SSO@as.edu.tw，避免輸入錯誤導致無法登入。

GWS 帳號名稱與人事系統同步，使用者無法自行調整。如有錯誤或英文姓名大小寫問題，應聯繫單位兼辦人事進行修正。

GWS 不提供額外空間申請，亦不支援使用者自行購買額外儲存空間。

GWS 目前不開放 Google 表單的擴充功能，因 Extension 商店缺乏管制機制，無法確保安全性，因此未開放使用。

使用 Outlook 連接 GWS 可能會因 Outlook 內建的舊版瀏覽器（IE）導致驗證無法正常運行，若無法設定成功，應洽單位資訊人員協助處理。

GWS 導入後，原有的 Email 地址依然可使用，寄送至 @sinica.edu.tw、@gate.sinica.edu.tw、@as.edu.tw 的信件皆可正常接收。發送郵件時亦可透過設定使用 @sinica.edu.tw 或 @gate.sinica.edu.tw 作為寄件地址。

GWS 提供 IMAP/SMTP 服務，使用者如需設定外部郵件用戶端，可使用 IMAP 伺服器 imap.gmail.com（連接埠 993，SSL）與 SMTP 伺服器 smtp.gmail.com（連接埠 465，SSL）。

若原先於 Mail2000 設定信件轉寄，應取消舊設定，並於 GWS 重新設定轉寄功能。設定時應保留 @as.edu.tw 之轉寄地址，以確保信件轉遞功能正常運作。

使用 Gmail App 時，若郵件因手勢動作而意外消失，可能為「滑動封存」功能所致。建議調整手勢設定，Android 可至「一般設定的郵件滑動操作」修改，iOS 則可至「收件匣自訂之郵件滑動動作」調整設定。

GWS 內的 Gmail 提供封存功能，封存後的郵件不會刪除，而是移至「所有郵件」資料夾。使用者可透過搜尋關鍵字或至「所有郵件」查看封存的郵件，亦可透過「移至收件匣」功能將郵件還原。

Gmail 預設不會在收件匣顯示寄給自己或自己所屬群組的郵件，但這些郵件仍可在「寄件備份」或「所有郵件」內查找。如需顯示，可透過 Gmail 設定篩選器與標籤來管理信件顯示方式。

Gmail 具備「會話檢視」功能，會將相同主旨的郵件自動合併成串行顯示。若不希望郵件被自動合併，可於 Gmail 設定中關閉「會話檢視」，以讓每封郵件獨立顯示。

若已確認信箱在 Mlist 名單內但仍未收到郵件，應檢查「寄件備份」或「所有郵件」，因 Gmail 預設不會顯示寄給自己的郵件。如需此類郵件顯示於收件匣，可透過 Gmail 設定郵件篩選器與標籤。

GWS 信件搬遷無時間限制，使用者可選擇適當時間完成搬遷。如未即時搬遷，仍可於 Mail2000 下架前回查舊郵件，除非先前已設定轉寄不留備份。

進行信件搬遷後，應等待收到「中央研究院資訊服務處新舊郵件轉換完成通知」後再整理郵件，避免因未完成搬遷導致信件錯亂或重複搬遷。

使用 GWS 信件搬遷功能時，應確保搬遷作業完成後再進行信件整理，否則系統可能會判斷舊郵件不存在，進而發生重複搬遷的情況。

GWS 信件搬遷時間依資料量而定，開始搬移後可關閉頁面，不影響搬遷作業，系統會自動於背景繼續進行。

GWS 信件搬遷時，Mail2000 的「資料夾」結構會轉換為 Gmail 的「標籤 (Labels)」，由於 Gmail 不支援傳統的資料夾階層，建議使用者自行設定標籤命名方式，如「01_重要」、「02_工作郵件」等，以保持郵件分類的清晰度。

GWS 信件搬遷過程中，若同一封信件在 Mail2000 的不同信件匣內出現多次，搬遷至 Gmail 時可能只會搬移一封，因系統根據郵件 UID（唯一識別碼）判斷，若相同則視為同一封郵件，避免重複存放。

GWS 信件搬遷時，若 Mail2000 中的郵件未超過 25MB，仍可能因 Gmail 計算方式不同而超過 Gmail 上限，導致搬遷失敗。Gmail 針對單封郵件的附件大小限制為 25MB，使用者應特別留意。

GWS 版本的 Google Meet 提供 Education Plus 功能，支援 24 小時會議、最多 1000 人參與，並具備直播、分組討論室、意見調查、問與答、出席追蹤、自動錄製、轉錄稿及會議記錄等功能。詳細內容可參閱 Google 官方說明（https://support.google.com/a/answer/10037875?hl=zh-Hant&co=DASHER._Family%3DEducation&oco=0）。",資訊,https://its.sinica.edu.tw/pages/4532,資訊服務處服務台 02-2789-8855
全院共用服務-網路資訊,電子郵件使用規範,"1、 本院電子郵件服務限公務或學術用途使用。
2、 本院電子郵件帳號分為員工帳號、業務帳號及alum帳號。
3、 員工帳號供本院具有SSO帳號之人員使用。
4、 業務帳號供本院各單位執行本院學術研究或行政業務所需之電子郵件聯繫人員使用，相關規定如下：
（1） 限本院助研究員以上/研究助技師以上/一級單位主管/院本部單位主管或單位資訊業務主管申請。
（2） 申請者於申請時，得指派業務帳號承辦人員，代為行使申請、登入及收發等電子郵件相關業務操作行為。
（3） 人員資料未登錄於本院人事系統或登錄為離職，得由符合本院業務帳號申請資格者，申請業務帳號供該等人員使用。
（4） 帳號申請用途須與表單填寫內容一致。
（5） 帳號申請使用期限為1年，期滿可再申請延用；未申請延長者，於期滿自動關閉。
（6） 帳號需求消滅時，須申請完成關閉程序。
（7） 帳號申請與使用人，須配合資訊服務處所進行之帳號清查程序。
（8） 帳號申請內容或使用人如有異動更新，須申請異動更新程序，或於帳號清查時，配合進行資料更新。

5、 正職人員退休時資訊服務處主動提供alum帳號。其他TIGP學程校友如有需要由國際事務處提出申請，並每年清查帳號，未申請延長者，於期滿自動關閉。
6、 正職人員退休後，電子郵件地址予以保留，提供轉寄服務。惟退休人員過世後，其電子郵件轉寄設定及alum帳號將予以刪除。
7、 離職時如有電子郵件轉寄服務需要，可提出延長申請。服務每年清查，未申請延長者，於期滿自動關閉。
8、 帳號使用者有義務維持帳號及密碼的機密安全。利用該密碼及帳號所進行的一切行為，使用者需負完全責任。
9、 若帳號或密碼遭到盜用或有其他任何安全問題發生時，請即通知資訊服務處。
10、 為維護帳號使用權益，請勿將帳號提供他人使用。
11、 使用本服務傳遞敏感資訊須以加密檔案傳送。如為密碼加密，密碼須另以其他管道或方式傳遞。
12、 使用本服務時，應符合一般網路禮儀，遵守現行法令，並禁止發送下列各款的電子郵件：
（1） 垃圾信、廣告信或其他未經收信者同意而大量發送的郵件。
（2） 含有誹謗、詐欺、侮辱、猥褻、色情、賭博等訊息，或侵害他人隱私的郵件。
（3） 侵害他人智慧財產權的郵件。
（4） 含有電腦病毒或其他程式足以破壞或干擾電腦系統或資料的郵件。
（5） 用他人名義發送的郵件。
（6） 其他任何內容或發送方式違反我國現行法令之郵件。
13、 使用者不得為下列之行為：
（1） 未經授權而冒用他人使用者帳號及密碼。
（2） 未經同意而收集他人電子郵件位址以及個人資料。
（3） 破壞或干擾本服務的系統運作。
（4） 將本服務所提供的帳號提供予他人使用。
（5） 其他違反本服務的使用目的之行為。
（6） 利用本服務直接或間接從事商業行為。
（7） 不得使用本服務傳送機密性資料。
14、 未能配合上述規定者，資訊服務處保留暫停或永久停止提供服務全部或一部分之權力。
15、 如有下列情況，資訊服務處得緊急暫停使用者使用權力3天。經本院資安長授權，可無限延長停權期限。
（1） 影響本院聲譽情形，如外機關通報疑似非合理使用。
（2） 對本院系統或使用者資料有損害意圖或行為。
（3） 大量操作行為，影響系統服務穩定或本院其他使用者使用權益。
16、 使用者如對停權處置有意見，可於本院資訊業務諮議委員會提案申復。
17、 資訊服務處對本服務相關軟硬體設備進行維護保養、更新、或搬遷等必要之處置時，得暫停或中斷本服務之全部或一部分。
18、 本規範經本院資訊業務諮議委員會同意通過後公告實施，修正時亦同。",資訊,https://www.sinica.edu.tw/CP/382,資訊服務處服務台 02-2789-8855
全院共用服務-資安專區,核心資通系統除須依資安法完成一般資安防護措施另須完成之要求,"核心資通系統除須依資安法完成一般資安防護措施外另須完成以下要求：
1.受託業務包括客製化資通系統開發者，受託者應提供該資通系統之安全性檢測證明；該資通系統屬委託機關之核心資通系統，或委託金額達新臺幣一千萬元以上者，委託機關應自行或另行委託第三方進行安全性檢測。(依據:資通安全管理法施行細則
2.全部核心資通系統導入CNS 27001資訊安全管理系統國家標準、其他具有同等或以上效果之系統或標準，或其他公務機關自行發展並經主管機關認可之標準，於三年內完成公正第三方驗證，並持續維持其驗證有效性。(依據:資通安全責任等級分級辦法附表三)
3.每二年辦理一次業務持續運作演練。(依據:資通安全責任等級分級辦法附表三)
4.每年辦理一次網站安全弱點檢測。(依據:資通安全責任等級分級辦法附表三)
5.每二年辦理一次系統滲透測試。(依據:資通安全責任等級分級辦法附表三)
6.資通安全防護-具有對外服務之核心資通系統者，應備應用程式防火牆(依據:資通安全責任等級分級辦法附表三)",資訊,https://its.sinica.edu.tw/posts/148897,資訊服務處服務台 02-2789-8855
全院共用服務-資安專區,所中心資安分級及赴陸資安檢核/檢測,"本院各所中心資安分級及赴陸資安檢核/檢測：
一、各所/中心資安分級及資安防護準則
1.本院為資通安全責任等級B級機關。
2.本院各所中心依規模細分為B1、B2及B3等3個等級。
3.各等級分級原則及資安防護準則：
(1)B1等級，分級原則為單位人數小於100人，且資通系統數量小於 50；資安防護準則，至少 1 名資安專責人員、資通安全管理制度（ISMS）導入、每年辦理 1 次內部稽核、資通安全防護應滿足 B 級機關應辦事項（防毒軟體、網路防火牆、具有郵件伺服器者應備電子郵件過濾機制）
(2)B2等級，分級原則為單位人數大於等於100人小於300人，或資通系統數量大於等於 50；資安防護準則， 2 名資安專責人員或 1 名資安專職人員、資通安全管理制度（ISMS）導入、每年辦理 1 次內部稽核、資通安全防護應滿足 B 級機關應辦事項（防毒軟體、網路防火牆、具有郵件伺服器者應備電子郵件過濾機制）
(3)B3等級，分級原則為單位人數大於等於300人，經資安委員會認定具高資安風險之計畫；資安防護準則， 1名資安專責人員及 1 名資安專職人員、資通安全管理制度（ISMS）導入及單位內核心資通系統須通過驗證、每年辦理 1 次內部稽核及外部稽核、資通安全防護應滿足 B 級機關應辦事項（防毒軟體、網路防火牆、具有郵件伺服器者應備電子郵件過濾機制）外，應具備入侵偵測及防禦機制，具有對外服務之重要資通系統者，應具備應用程式防火牆。
註1：資通系統數量：指自行或委外開發之資通系統數量。註2：其餘應辦事項依資訊服務處統籌管控措施辦理。
4.請各所/中心配合資通安全責任等級辦理相關資安防護事宜。
二、赴陸及資安疑慮國家前應填報「資安檢核表」及「返臺資安檢核表」
1.依「本院人員赴具資安疑慮國家資安檢核作業要點」辦理。
2.現行本院同仁赴大陸(含轉機)及資安疑慮國家前，應於赴陸申報系統填寫「赴陸申請表」，返臺後填寫「返臺通報表」。
3.即日起，請一併於赴陸申報系統填寫「資安檢核表」，返臺後填寫「返臺資安檢核表」。
三、資訊設備資安檢測指引
1.資訊服務處每年定期辦理資訊設備資安檢測教育訓練，各所/中心應指派資安或資訊人員參加資安檢測教育訓練，完訓後即成為檢測人員。若檢測人員離職，各所/中心應指派其他人員完成交接事宜。
2.資安檢測範圍及時機：
(1)本院人員對平時所使用之資訊設備安全有疑慮時。
(2)依「本院人員赴具資安疑慮國家資安檢核作業要點」有進行資安檢測需求者。
(3)公務及依前款要點進行檢測之設備優先辦理資安檢測。",資訊,https://its.sinica.edu.tw/posts/182554,資訊服務處服務台 02-2789-8855
全院共用服務-資安專區,資安評比,"本院資安評比獎勵機制：係為提升本院各單位及同仁對於資通安全工作之重視與投入，爰訂定本院資安評比獎勵機制，每年評比1次，並由資訊服務處於年底結算各單位當年分數。
 具體評比內容與評分標準，可參考本處網頁https://its.sinica.edu.tw/posts/180259。",資訊,https://its.sinica.edu.tw/posts/180259,資訊服務處服務台 02-2789-8855
全院共用服務-資安專區,禁止院外對本院宿舍區之網路連線,"一、依據114年3月20日本院資通安全暨個人資料保護委員會第6屆第4次會議決議辦理。
二、為強化本院資安防護，降低本院宿舍區網路之資安風險，本院自114年9月1日起阻擋院外對宿舍區之全部網路連線，此設定不影響宿舍區連線院外的上網功能。
三、若本院住宿同仁有從院外連線至院內宿舍內部資訊設備之需求，可先透過院內 VPN 進行連線，即可從院外連線存取宿舍內部之資訊設備。",資訊,https://its.sinica.edu.tw/posts/187141,資訊服務處服務台 02-2789-8855
全院共用服務-資安專區,中央研究院大陸廠牌資通訊產品配合事項,"一、不得使用大陸廠牌資通訊產品
依行政院來函1：為避免公務及機敏資料遭不當竊取，導致機關機敏公務資訊外洩或造成國家資通安全危害風險，公務用之資通訊產品不得使用大陸廠牌。
資訊產品定義：參考資通安全管理法第3條用詞定義，包含軟體、硬體及服務等項，另具連網能力、資料處理或控制功能者皆屬於廣義之資通訊產品。
大陸廠牌認定：「從嚴認定」所有屬於大陸廠牌者，無論其原產地於我國、大陸地區或第三地區等，廠牌產品均不得使用。
禁用範圍：範圍為全機關，非僅機關內部資訊單位或特定單位，且包含委外廠商及其分包廠商。
公務機關使用資通訊產品原則：
1.公務用資通訊產品：不得使用大陸廠牌、不得安裝非公務用軟體、不得下載安裝大陸地區軟體（含App）。
2.公務活動：不得使用大陸地區所提供之平臺或服務。
3.個人資通訊設備：原則不得處理公務事務、原則不得與公務環境介接。
4.使用中資通訊產品（已使用或採購之大陸廠牌資通訊產品）：列冊管理，並限期汰換；不得與公務環境介接。
5.新購資通訊產品，機關於辦理採購時：應確實於招標文件規定不允許大陸地區廠商參與；不得採購大陸廠牌資通訊產品；禁止使用Deepseek製作書面履約成果，並增訂通案之生成式AI使用條款。
二、限制使用原則
依數位發展部「各機關對危害國家資通安全產品限制使用原則」第四點規定略以各機關因業務需求且無其他替代方案，必須採購或使用危害國家資通安全產品：
1.應具體敘明理由。
2.經機關（本院）資通安全長及本院上級機關（總統府）資安長逐級核可。
3.函報資通安全管理法主管機關（數位發展部）核定。
4.以專案方式購置，並列冊管理。
本院限制使用原則，若因本院學術研究需求（無其他替代方案），須採購（使用）大陸廠牌資通訊產品（如學術資料庫、AI服務與軟體等）：
1.於採購（使用）前先行函報本院資訊服務處，並具體敘明理由及資安防護措施。
2.資訊服務處完成上級機關陳報及完成核定後，函復申請單位，方可憑依採購（使用）核定產品。
3.完成採購或開始使用後請將產品列冊管理，並於各單位提供資通安全作業管考系統提報大陸廠牌資通訊產品盤點資料時，填報列冊資訊。
三、本院資安防護措施
(一)學術資料庫：
若本院各單位因學術研究需求確有使用大陸學術資料庫之必要，為強化其資安防護措施，包含建置連線專用主機，使用者電腦必須透過該專用主機才能連線，並禁止直接連線大陸學術資料庫，以提升使用者連線安全性，且前揭連線專用主機另有資安防護。
1.存取大陸學術資料庫之連線均會留存連線紀錄。
2.安裝防毒軟體、Xensor（端點防護程式）及導入SOC（SecurityOperationCenter），監控主機異常連線或程式。
3.建置系統及設定檔異動監控機制。
4.限定院內特定IP存取。 
(二)AI服務及軟體
依行政院來函2，本院原則全面禁用中國提供之網路服務與軟體（含DeepSeekAI）。
若本院各單位因學術研究需求確有使用之必要，須依規定報准核可且採取必要管制措施（如下）後再行使用；若有其他非下列所述之使用模式，須先與資訊服務處討論防護機制。
下載至不含公務與敏感資料的電腦（設備）使用。
方案1：離線模式操作
1.下載完畢後，設備須切換為離線模式。
2.並須遵循本院學術研究區網段分艙管理之第1級控制措施。
方案2：有網路連線需求
1.設定防火牆進行最小程度開放。
2.並須遵循本院學術研究區網段分艙管理之第2級控制措施。
四、其他相關議題
(一)非中國大陸廠牌設備由中國大陸維護服務者
應視個案產品（含硬體、軟體及服務）風險，評估是否有其他替代方案，並透過適當控制措施，審慎評估處置以降低資安風險。
(二)如涉及委外資通系統之維護、遠端存取資通系統或資通訊設備之移出移入，應至少辦理下列防護措施
1.選任及監督：應注意選任及監督受託者以符合資通安全及遠端存取之系統防護需求。
2.遠端存取管理：開放遠端存取期間以短天期為限，並建立異常行為管理機制，遠端存取結束後，應更換遠端存取通道（如VPN）登入密碼。
3.管控措施：對送修之資通訊設備採取適當管控措施，以確保該設備及資料之可用性、完整性及機密性（如移除機敏資料或送回後進行安全檢測）。
參考資料
行政院109年12月18日院臺護長字第1090201804A號函（公務用之資通訊產品不得使用大陸廠牌）。
行政院114年3月31日院授數資安字第1141000253號函（公務機關原則全面禁用DeepseekAI等大陸廠牌資通訊產品）。
本院相關公告及規範
114年2月10日資訊服務字第1141500150號書函（本院原則全面禁用DeepSeekAI以及其他由中國提供之AI服務與軟體）。
113年8月28日資訊服務字第1131500971號書函（本院學術研究區段分艙作業）。",資訊,https://its.sinica.edu.tw/posts/187040,資訊服務處服務台 02-2789-8855
全院共用服務-網路資訊,GWS雲端服務,院內 GWS 的登入方式為：Gmail 使用 https://mail.sinica.edu.tw、Google Drive 使用 https://drive.sinica.edu.tw，或可自 Google 首頁登入；登入帳號需使用格式 ＜您的SSO@as.edu.tw＞。,資訊,https://its.sinica.edu.tw/pages/4532,資訊服務處服務台 02-2789-8855
全院共用服務-網路資訊,GWS雲端服務,在 GWS 中，登入各項服務前必須完成 FIDO 驗證器綁定；未綁定者將無法登入，請洽單位管理者協助辦理。,資訊,https://its.sinica.edu.tw/pages/4532,資訊服務處服務台 02-2789-8855
全院共用服務-網路資訊,GWS雲端服務,在 GWS 登入流程中，若於 Google 首頁輸入帳號後出現「帳號不存在」訊息，請確認您輸入的是正確的格式 ＜您的SSO@as.edu.tw＞。,資訊,https://its.sinica.edu.tw/pages/4532,資訊服務處服務台 02-2789-8855
全院共用服務-網路資訊,GWS雲端服務,GWS 的個人資料（顯示名稱）由院內人事系統自動同步，使用者無法自行修改；如出現錯誤或英文字母大小寫問題，請聯絡單位兼辦人事協助更正。,資訊,https://its.sinica.edu.tw/pages/4532,資訊服務處服務台 02-2789-8855
全院共用服務-網路資訊,GWS雲端服務,目前 GWS 的儲存空間政策，無法申請加大雲端空間，亦不支援由使用者自行購買額外空間。,資訊,https://its.sinica.edu.tw/pages/4532,資訊服務處服務台 02-2789-8855
全院共用服務-網路資訊,GWS雲端服務,本院GWS目前無開放使用Extension功能（擴充功能）。因 Extension 商店尚缺乏完善的管制與安全審核機制，基於資安考量，目前不開放安裝擴充功能。,資訊,https://its.sinica.edu.tw/pages/4532,資訊服務處服務台 02-2789-8855
全院共用服務-網路資訊,GWS雲端服務,若需快速查詢 Google Workspace Education Plus 所包含的應用與功能，建議參閱 Google 官方的 Workspace 版本比較頁面、直接於 Gemini 提問，或聯繫本院資訊服務窗口協助查詢。,資訊,https://its.sinica.edu.tw/pages/4532,資訊服務處服務台 02-2789-8855
全院共用服務-網路資訊,GWS雲端服務,院內信箱轉換為GWS之Gmail服務後，原有郵件地址仍可使用：可接收寄至 @sinica.edu.tw、@gate.sinica.edu.tw、@as.edu.tw 的郵件；完成相關設定後亦可使用 @sinica.edu.tw 與 @gate.sinica.edu.tw 作為寄件地址進行寄信。,資訊,https://its.sinica.edu.tw/pages/4532,資訊服務處服務台 02-2789-8855
全院共用服務-網路資訊,GWS雲端服務,在 Outlook 設定 GWS 郵件時，常見問題是程式呼叫過舊的 IE 內嵌瀏覽器，導致 Google 驗證頁面無法正常呈現；請就近尋求單位資訊人員協助調整設定。,資訊,https://its.sinica.edu.tw/pages/4532,資訊服務處服務台 02-2789-8855
全院共用服務-網路資訊,GWS雲端服務,"想使用外部郵件用戶端(Outlook, Thunderbird, Mac郵件等等)接受Gmail郵件時，郵件連線參數為：IMAP 伺服器 imap.gmail.com、連接埠 993（SSL）；SMTP 伺服器 smtp.gmail.com、連接埠 465（SSL）。",資訊,https://its.sinica.edu.tw/pages/4532,資訊服務處服務台 02-2789-8855
全院共用服務-網路資訊,GWS雲端服務,因Google本身資安規範，本院 Gmail 帳號無法透過 Microsoft Outlook 的 POP3 模式新增使用，原因是 Outlook 的 POP3 模式不支援 Google 所要求的 OAuth 驗證機制，因此無法完成帳號驗證；建議改用 IMAP 方式收信，或改用 Thunderbird 郵件軟體以確保順利收發信件。,資訊,https://its.sinica.edu.tw/pages/4532,資訊服務處服務台 02-2789-8855
全院共用服務-網路資訊,GWS雲端服務,在行動裝置使用 Gmail App 設定 GWS 郵箱時，若出現無反應或錯誤訊息，常見原因是手機未設定螢幕鎖（如密碼、Face ID、指紋等），或短時間內授權請求過多遭 Google 封鎖；請確認已設定螢幕鎖，如已設定仍有問題，請稍候再試。,資訊,https://its.sinica.edu.tw/pages/4532,資訊服務處服務台 02-2789-8855
全院共用服務-網路資訊,GWS雲端服務,如先前在 Mail2000 信箱設定了轉寄至其他郵件地址，建議取消該設定，並於 GWS 郵件中重新設定轉寄；轉寄設定中如有 @as.edu.tw 地址，請勿移除。,資訊,https://its.sinica.edu.tw/pages/4532,資訊服務處服務台 02-2789-8855
全院共用服務-網路資訊,GWS雲端服務,在行動裝置登入 Gmail App 檢視郵件時，建議調整手勢設定，將預設的「滑動封存」動作改為其他設定，以避免誤封存信件；設定方式為：Android：Menu → 設定 → 一般設定 → 郵件滑動操作；iOS：Menu → 設定 → 收件匣自訂 → 郵件滑動動作。,資訊,https://its.sinica.edu.tw/pages/4532,資訊服務處服務台 02-2789-8855
全院共用服務-網路資訊,GWS雲端服務,在 GWS 中，Gmail 的封存功能會將郵件移至「所有郵件」資料夾而非刪除；使用者可在網頁版或行動版 Gmail 左側選單中找到「所有郵件」，或透過搜尋功能找到封存郵件；如需恢復至收件匣，可於「所有郵件」中選取郵件後使用「移至收件匣」功能。,資訊,https://its.sinica.edu.tw/pages/4532,資訊服務處服務台 02-2789-8855
全院共用服務-網路資訊,GWS雲端服務,Gmail 預設開啟「會話檢視」功能，會將相同主題的郵件串在一起方便閱讀；如需將每封郵件單獨顯示，可在 Gmail 設定中關閉「會話檢視」。,資訊,https://its.sinica.edu.tw/pages/4532,資訊服務處服務台 02-2789-8855
全院共用服務-網路資訊,GWS雲端服務,在 Gmail 中，當使用者寄信或 CC 給自己的帳號或所屬群組時，郵件預設不會顯示在收件匣；如需顯示，請至 Gmail 設定 → 帳戶與匯入 → 以這個地址寄信，新增並驗證 @gate 或 @sinica 網域帳號，並確保該帳號出現在寄件者清單中（不需勾選為別名）。,資訊,https://its.sinica.edu.tw/pages/4532,資訊服務處服務台 02-2789-8855
全院共用服務-網路資訊,GWS雲端服務,在 Gmail 中，即使信箱已在 Mlist 群組名單內，當寄信到自己帳號或所屬群組時，郵件仍不會出現在收件匣；此為 Gmail 預設行為，可在「寄件備份」或「所有郵件」中找到；如需顯示，請於 Gmail 設定郵件篩選器與標籤。,資訊,https://its.sinica.edu.tw/pages/4532,資訊服務處服務台 02-2789-8855
全院共用服務-網路資訊,GWS雲端服務,在 Gmail 中，一次寄送過多收件人（如超過 100 人）、重複附件或相同標題，可能會觸發 Google 的反濫用機制導致退信；建議使用郵件合併功能分批寄送，以避免被退信。,資訊,https://its.sinica.edu.tw/pages/4532,資訊服務處服務台 02-2789-8855
全院共用服務-網路資訊,GWS雲端服務,院內原Mail2000 系統預計於兩年內下架，屆時會另行通知；建議於所屬單位導入 GWS 後，即轉移至 Gmail 收信，以免 Mail2000 下架時影響郵件使用。,資訊,https://its.sinica.edu.tw/pages/4532,資訊服務處服務台 02-2789-8855
全院共用服務-網路資訊,GWS雲端服務,院內提供的新舊信件轉換工具，目前沒有使用期限；若當下工作繁忙，可於日後再進行，甚至可等到全院導入結束後再搬遷，以減少因人數過多需要排程的情況。除非先前有設定「轉寄不留備份」，否則在 Mail2000 下架前，仍可回到 Mail2000 查詢舊郵件。,資訊,https://its.sinica.edu.tw/pages/4532,資訊服務處服務台 02-2789-8855
全院共用服務-網路資訊,GWS雲端服務,在搬遷信件流程中，若授權 GWS 帳號時出現「無法授權」畫面，請先確認已登入本院 GWS 帳號，再重新執行授權程序；未登入將無法順利完成帳號授權。,資訊,https://its.sinica.edu.tw/pages/4532,資訊服務處服務台 02-2789-8855
全院共用服務-網路資訊,GWS雲端服務,在使用信件搬遷功能時，若搬遷尚未完成便開始整理信件，可能會導致舊信重新搬入；建議等待收到「中央研究院資訊服務處新舊郵件轉換完成通知」後再整理信件，以避免重複或錯亂。,資訊,https://its.sinica.edu.tw/pages/4532,資訊服務處服務台 02-2789-8855
全院共用服務-網路資訊,GWS雲端服務,在使用信件搬遷功能時，必須等待系統完成所有信件的轉換後再於 Gmail 進行郵件調整；若未等到「搬遷完成通知」就開始操作，系統可能會判斷舊郵件不存在而再次搬遷。,資訊,https://its.sinica.edu.tw/pages/4532,資訊服務處服務台 02-2789-8855
全院共用服務-網路資訊,GWS雲端服務,在信件搬遷功能中，搬遷所需時間會顯示於新舊信件轉換頁面，使用者可參考該頁面的進度資訊；開始搬遷後，即使關閉該頁面，系統仍會在背景持續進行搬遷作業。,資訊,https://its.sinica.edu.tw/pages/4532,資訊服務處服務台 02-2789-8855
全院共用服務-網路資訊,GWS雲端服務,在將 Mail2000 信件搬遷至 GWS Gmail 的過程中，由於 Gmail 採用「標籤」取代 Mail2000 的「資料夾」，且不支援傳統階層結構，資料夾順序可能與原先不同；如需維持排序，可自行為標籤編號，例如「01_重要」、「02_工作郵件」。,資訊,https://its.sinica.edu.tw/pages/4532,資訊服務處服務台 02-2789-8855
全院共用服務-網路資訊,GWS雲端服務,在使用信件搬遷工具時，如一直顯示密碼錯誤，即使密碼正確，也需檢查 Mail2000 的 IMAP 設定是否已開啟；未開啟 IMAP 也會導致系統顯示密碼錯誤。,資訊,https://its.sinica.edu.tw/pages/4532,資訊服務處服務台 02-2789-8855
全院共用服務-網路資訊,GWS雲端服務,在信件搬遷中，若同一封郵件在 Mail2000 的不同資料夾中出現，系統會依郵件的 UID（唯一識別碼）判斷是否為相同郵件；若 UID 相同，則僅會搬遷一份至 Gmail。,資訊,https://its.sinica.edu.tw/pages/4532,資訊服務處服務台 02-2789-8855
全院共用服務-網路資訊,GWS雲端服務,在將 Mail2000 信件搬遷至 Gmail 時，即使 Mail2000 顯示郵件未超過 25MB，也可能因 Gmail 與 Mail2000 的郵件大小計算方式不同，導致在 Gmail 判定超過 25MB 上限而無法搬遷。,資訊,https://its.sinica.edu.tw/pages/4532,資訊服務處服務台 02-2789-8855
全院共用服務-網路資訊,GWS雲端服務,在 Google Meet 中，本院使用的 GWS 為 Education Plus 版本，會議時長上限為 24 小時，最多可容納 1000 位參與者，並提供直播、分組討論室、投票、問答、出席狀況追蹤、自動錄製、轉錄稿及會議記錄等功能；詳細資訊可參閱 Google 官方「Education Plus」說明頁面。https://support.google.com/a/answer/10037875?hl=zh-Hant&co=DASHER._Family%3DEducation&oco=0,資訊,https://its.sinica.edu.tw/pages/4532,資訊服務處服務台 02-2789-8855
全院共用服務-網路資訊,GWS雲端服務,在 Google Meet 中，若會議應支援 1000 人但於約 100 人時就無法再加入或出現自動踢出情況，請確認會議連結是使用院內 GWS 教育帳號建立；個人 Google 帳號建立的會議預設參與人數上限為 100 人，無法支援大型會議需求。,資訊,https://its.sinica.edu.tw/pages/4532,資訊服務處服務台 02-2789-8855
全院共用服務-網路資訊,GWS雲端服務,在 GWS 的 Gemini 服務中，本院使用的 Google Workspace Education Plus 授權僅包含 Gemini 教育免費版，不含 Gemini Advanced；Deep Research 目前不包含 2.5 Pro 版本。,資訊,https://its.sinica.edu.tw/pages/4532,資訊服務處服務台 02-2789-8855
全院共用服務-網路資訊,GWS雲端服務,在 GWS 提供的 NotebookLM 服務中，目前僅提供標準版 NotebookLM，並不包含 NotebookLM Plus 的功能。,資訊,https://its.sinica.edu.tw/pages/4532,資訊服務處服務台 02-2789-8855
全院共用服務-網路資訊,GWS雲端服務,在 GWS 的 Gemini 應用中，使用公司或學校帳戶時，無法手動刪除對話與活動紀錄；系統會保留對話 3 個月，之後自動移除。,資訊,https://its.sinica.edu.tw/pages/4532,資訊服務處服務台 02-2789-8855
全院共用服務-網路資訊,GWS雲端服務,在 GWS 的 Gemini 服務中，使用者的提示與生成內容會保留於本院組織內，不會被人工審查、不會用於訓練 Google AI 模型，亦不會與其他使用者或機構共享；此外，Gemini for Google Workspace 遵循與 Gmail 與 Google Docs 相同的企業級安全與隱私保護標準，包括資料區域政策與資料遺失防護（DLP）等機制。,資訊,https://its.sinica.edu.tw/pages/4532,資訊服務處服務台 02-2789-8855
全院共用服務-網路資訊,GWS雲端服務,"在 GWS 導入後，本院全體使用者皆可使用 Gemini 教育免費版；每位使用者每月最多可使用 1,000 次，並支援上傳本機檔案或讀取 Google 雲端硬碟資料進行分析，也可建立自訂 Gem 以增加應用彈性。",資訊,https://its.sinica.edu.tw/pages/4532,資訊服務處服務台 02-2789-8855
全院共用服務-網路資訊,GWS雲端服務,在 GWS 中，目前使用的教育免費版不包含 Gemini 進階協作功能，例如在 Google 文件或 Gmail 側邊欄使用 Gemini；若未來授權升級或政策調整，將另行公告。,資訊,https://its.sinica.edu.tw/pages/4532,資訊服務處服務台 02-2789-8855
全院共用服務,退休人員專用信箱Alum,"本院自 114 年起，提供退休人員專用信箱： SSO帳號@alum.sinica.edu.tw。
容量限制：帳號總容量為 50GB，包含 Gmail、Google Drive、Google Sites 等Google服務。
續用確認機制：每年將寄送「是否繼續使用」確認信件，請依說明回覆，以維持帳號有效性。
alum信箱登入方式：開啟瀏覽器前往：https://mail.google.com；帳號：您的SSO帳號@alum.sinica.edu.tw；密碼：您所設定的密碼",資訊,https://its.sinica.edu.tw/pages/alumni,資訊服務處服務台 02-2789-8855
全院共用服務,退休人員專用信箱Alum,"114年3月20日（含）以後退休者(原使用 Google Workspace (GWS) 服務)
信箱變更說明：退休生效日前一個月即啟用退休人員alum信箱。原帳號信件（SSO帳號@as.edu.tw 及 SSO帳號@gate.sinica.edu.tw）會於退休日後自動轉寄至alum信箱。
退休前須完成事項：測試新信箱登入並變更密碼，開啟瀏覽器前往：https://mail.google.com，帳號：您的SSO帳號@alum.sinica.edu.tw，初始密碼由資訊處另行Email通知，首次登入後請立即變更密碼。
請於退休前將 GWS 信件自行備份。若信件數量龐大，或是想全部搬至alum信箱，可等候 115 年推出的「郵件轉換工具」，可直接進行轉移處理。移轉工具完成前，仍可登入GWS信箱查閱舊信。
各單位行政人員協助事項：即日起至 114 年 12 月 31 日止，請提供預定退休人員名單。名單確認後，請主動通知資訊處，以利提前建立 alum 帳號與提供支援。回報表單：https://forms.gle/EEpSVUKE3qNwv2u88",資訊,https://its.sinica.edu.tw/pages/alumni,資訊服務處服務台 02-2789-8855
全院共用服務,退休人員專用信箱Alum,"114年3月20日（前）退休者(原使用 Mail 2000 服務)
帳號建立與啟用說明：自 114 年 7 月 1 日起，資訊處將批次建立既有退休人員之alum信箱。待您帳號建立完成後，啟用信件會寄送到您原本的gate信箱(原Mail2000)。
請依通知內容登入並變更密碼以啟用。信件自動轉寄：原帳號信件（SSO帳號@gate.sinica.edu.tw）會自動轉寄至alum信箱。
使用郵件轉換工具：資訊處將於114年第三季提供專用「郵件轉換工具」，可直接將mail2000信轉移至alum信箱。
資深退休人員@alum信箱說明專區：https://sites.google.com/as.edu.tw/alum",資訊,https://its.sinica.edu.tw/pages/alumni,資訊服務處服務台 02-2789-8855
全院共用服務,軟體授權,"中央研究院使用軟體授權注意事項
1.中央研究院(以下簡稱本院)為落實各單位重視軟體合法使用，避免軟體侵權行為發生，特定本注意事項。
2.本注意事項適用於各單位軟體使用人，如有侵權行為發生，需自行負責因侵權行為所衍生之罰款與法律責任，並咎責至實際負責實驗室或研究室之研究人員及相關管理人員。
3.各單位每年應至少一次確實全面軟體清查，並記錄備查；若發現未合法授權之軟體應立即移除，若發現合法軟體授權不足，應儘速採購補齊相關軟體需求，若有滿足本院電腦軟體聯合採購作業原則事項者，可向本院資訊服務處提出全院軟體聯合採購需求。
4.本院同仁應注意下列常見軟體侵權類型：
(一) 使用者侵權
1.盜版軟體直接安裝於電腦。
2.安裝單機授權軟體於多部電腦 (超過授權數) 。
3.安裝隨機版授權於其他電腦。
4.私自拷貝並散佈授權專用軟體。

(二) 用戶端/伺服器侵權
1.伺服器端或用戶端都須取得軟體合法授權。
2.只購買伺服器軟體，未購買使用者端存取使用權。

(三) 網際網路侵權
1.從網路上下載未經授權軟體。
2.下載非法序號及破解軟體應用於軟體上。
3.非法上傳軟體供其他人使用。

(四) 硬碟非法預裝軟體
1.要求經銷商直接安裝非法軟體隨機出貨。
2.經銷商附贈盜版軟體隨機出貨，欺騙客戶並直接銷售(驗收時確認購買的原版軟體取得授權書、磁片或光碟) 。

本院同仁應注意下列常見侵權態樣：
(一) 本院微軟大量授權屬升級合約，購買新電腦時應加購隨機版作業系統，勿購買未含Windows作業系統隨機版之電腦。
(二) 一套Adobe產品組合包僅能安裝於同一部電腦，勿分裝於多部電腦。
(三) 租用型授權軟體，授權期限終了未支付續約使用，且軟體未移除繼續使用。為避免廠商通報侵權，授權期滿，應立即移除該軟體。
(四) 試用版軟體試用期到期，多次移除後再繼續重覆安裝試用。於試用期過後仍有使用需求，應採購授權使用。
(五) 將軟體虛擬化後放在網路供同仁同時間僅一人使用。應先確認該項軟體可否虛擬化並授權提供多人使用，以及遵守該軟體使用合約或條款。
",資訊,https://its.sinica.edu.tw/pages/1641,資訊服務處服務台 02-2789-8855
全院共用服務,資安政策介紹,"依據「資通安全責任等級分級辦法」，本院為資通安全責任等級為B的政府機關，有關資訊人員或一般使用者及主管「資通安全教育訓練」須配合事項，摘錄如下：
1.資通安全專職人員：每人每年至少接受十二小時以上之資通安全專業課程訓練或資通安全職能訓練。
2.資通安全專職人員以外之資訊人員 ：每人每二年至少接受三小時以上之資通安全專業課程訓練或資通安全職能訓練，且每年接受三小時以上之資通安全通識教育訓練。
3.一般使用者及主管：每人每年接受三小時以上之資通安全通識教育訓練。

個人須完成時數可參考本院「全院同仁學習時數查詢管理系統」：https://eip.apps.sinica.edu.tw/site/redirect-ap?rid=19
數位課程時數因系統採批次作業，時數需隔天才會滙入；實體課程時數- 因需人工作業及上傳時間，需於上完課後數天資料才會轉入，敬請見諒。",資訊,https://its.sinica.edu.tw/posts/187713,資訊服務處服務台 02-2789-8855